task,method,lambda,seed,late_window_pass8_mean,late_window_greedy_mean
countdown,positive_only,,4000,0.136,0.07400000000000001
countdown,global,0.0,4000,0.0252,0.0076
countdown,exponential,0.105360516,4000,0.11639999999999999,0.05
countdown,exponential,0.430782916,4000,0.11040000000000001,0.04360000000000001
countdown,exponential,0.916290732,4000,0.13720000000000002,0.0708
countdown,exponential,1.897119985,4000,0.1472,0.0504
countdown,exponential,2.302585093,4000,0.1376,0.07320000000000002
countdown,exponential,2.995732274,4000,0.14440000000000003,0.07400000000000001
countdown,positive_only,,5000,0.1436,0.0664
countdown,global,0.0,5000,0.0324,0.0064
countdown,exponential,0.105360516,5000,0.10759999999999999,0.0352
countdown,exponential,0.430782916,5000,0.11439999999999999,0.0624
countdown,exponential,0.916290732,5000,0.1328,0.07320000000000002
countdown,exponential,1.897119985,5000,0.146,0.0724
countdown,exponential,2.302585093,5000,0.1552,0.08399999999999999
countdown,exponential,2.995732274,5000,0.164,0.08279999999999998
word_sorting,positive_only,,4000,0.615625,0.46959999999999996
word_sorting,positive_only,,5000,0.653125,0.46799999999999997
word_sorting,positive_only,,6000,0.5765625,0.4408
word_sorting,positive_only,,7000,0.6375,0.48360000000000003
word_sorting,exponential,0.10536051565782628,4000,0.1640625,0.10840000000000001
word_sorting,exponential,0.2876820724517809,4000,0.2421875,0.17639999999999997
word_sorting,exponential,0.5108256237659907,4000,0.3875,0.30160000000000003
word_sorting,exponential,0.6931471805599453,4000,0.415625,0.344
word_sorting,exponential,0.95,4000,0.503125,0.40679999999999994
word_sorting,exponential,1.0498221244986778,4000,0.509375,0.4244
word_sorting,exponential,1.05,4000,0.4796875,0.38959999999999995
word_sorting,exponential,1.1,4000,0.5078125,0.40679999999999994
word_sorting,exponential,1.2,4000,0.50625,0.4144
word_sorting,exponential,1.28,4000,0.5078125,0.4164
word_sorting,exponential,1.34,4000,0.4859375,0.4264
word_sorting,exponential,1.3862943611198906,4000,0.509375,0.45359999999999995
word_sorting,exponential,1.43,4000,0.515625,0.43360000000000004
word_sorting,exponential,1.5,4000,0.525,0.44079999999999997
word_sorting,exponential,1.6,4000,0.521875,0.4368
word_sorting,exponential,1.7,4000,0.5640625,0.43879999999999997
word_sorting,exponential,1.8,4000,0.528125,0.4584
word_sorting,exponential,1.95,4000,0.5109375,0.4356
word_sorting,exponential,2.0794415416798357,4000,0.5109375,0.45359999999999995
word_sorting,exponential,2.3,4000,0.5640625,0.45280000000000004
spiral_matrix,positive_only,,4000,1.0,0.9987999999999999
spiral_matrix,positive_only,,5000,1.0,1.0
spiral_matrix,positive_only,,6000,1.0,1.0
spiral_matrix,positive_only,,7000,1.0,1.0
spiral_matrix,exponential,0.051293294,4000,0.8859375,0.8332
spiral_matrix,exponential,0.10536051565782628,4000,0.9265625,0.8968
spiral_matrix,exponential,0.162518929,4000,0.909375,0.8591999999999999
spiral_matrix,exponential,0.223143551,4000,0.8546875,0.8128
spiral_matrix,exponential,0.2876820724517809,4000,0.971875,0.9471999999999999
spiral_matrix,exponential,0.430782916,4000,0.9625,0.9495999999999999
spiral_matrix,exponential,0.5108256237659907,4000,0.95625,0.9512
spiral_matrix,exponential,0.6931471805599453,4000,0.9703125,0.9603999999999999
spiral_matrix,exponential,0.916290732,4000,0.9546875,0.9436
spiral_matrix,exponential,1.0498221244986778,4000,0.9859375,0.9667999999999999
spiral_matrix,exponential,1.203972804,4000,0.8890625,0.8720000000000001
spiral_matrix,exponential,1.3862943611198906,4000,0.9796875,0.9643999999999998
spiral_matrix,exponential,1.609437912,4000,0.9203125,0.892
spiral_matrix,exponential,1.897119985,4000,0.9671875,0.9644
spiral_matrix,exponential,2.0794415416798357,4000,0.91875,0.9228
spiral_matrix,exponential,2.302585093,4000,0.9359375,0.9228
spiral_matrix,exponential,2.995732274,4000,0.9828125,0.9708
spiral_matrix,exponential,3.506557897,4000,0.971875,0.9675999999999998
spiral_matrix,exponential,4.605170186,4000,0.98125,0.966
spiral_matrix,exponential,6.907755279,4000,0.996875,0.9936
mini_sudoku,positive_only,,4000,0.9671875,0.8924000000000001
mini_sudoku,positive_only,,5000,0.9625,0.8892
mini_sudoku,positive_only,,6000,0.9546875,0.8827999999999999
mini_sudoku,positive_only,,7000,0.959375,0.8984
mini_sudoku,exponential,0.10536051565782628,4000,0.9328125,0.8508000000000001
mini_sudoku,exponential,0.2876820724517809,4000,0.915625,0.8732
mini_sudoku,exponential,0.5108256237659907,4000,0.934375,0.8712
mini_sudoku,exponential,0.6931471805599453,4000,0.9359375,0.8699999999999999
mini_sudoku,exponential,1.0498221244986778,4000,0.8984375,0.8564
mini_sudoku,exponential,1.3862943611198906,4000,0.9265625,0.8624
mini_sudoku,exponential,1.8,4000,0.94375,0.8768
mini_sudoku,exponential,2.0,4000,0.9328125,0.8712
mini_sudoku,exponential,2.0794415416798357,4000,0.9375,0.8804000000000001
mini_sudoku,exponential,2.2,4000,0.94375,0.8884000000000001
mini_sudoku,exponential,2.4,4000,0.95,0.8952
mini_sudoku,exponential,2.6,4000,0.9515625,0.8904
mini_sudoku,exponential,2.8,4000,0.940625,0.8804000000000001
mini_sudoku,exponential,3.0,4000,0.94375,0.8844
mini_sudoku,exponential,3.25,4000,0.934375,0.876
mini_sudoku,exponential,3.5,4000,0.9375,0.8912000000000001
mini_sudoku,exponential,4.0,4000,0.9421875,0.8907999999999999
mini_sudoku,exponential,4.5,4000,0.9515625,0.89
mini_sudoku,exponential,6.0,4000,0.9625,0.8855999999999999
mini_sudoku,exponential,8.0,4000,0.959375,0.8852
maze,positive_only,,4000,0.7625,0.332
maze,positive_only,,5000,0.7828125,0.33480000000000004
maze,positive_only,,6000,0.759375,0.33
maze,positive_only,,7000,0.7703125,0.32480000000000003
maze,exponential,0.1,4000,0.715625,0.31520000000000004
maze,exponential,0.10536051565782628,4000,0.746875,0.318
maze,exponential,0.14,4000,0.74375,0.32360000000000005
maze,exponential,0.18,4000,0.7546875,0.33520000000000005
maze,exponential,0.22,4000,0.73125,0.33
maze,exponential,0.25,4000,0.7578125,0.3184
maze,exponential,0.2876820724517809,4000,0.728125,0.312
maze,exponential,0.32,4000,0.7515625,0.336
maze,exponential,0.35,4000,0.7375,0.32920000000000005
maze,exponential,0.38,4000,0.7609375,0.3256
maze,exponential,0.41,4000,0.74375,0.346
maze,exponential,0.44,4000,0.734375,0.3364
maze,exponential,0.5108256237659907,4000,0.7578125,0.344
maze,exponential,0.55,4000,0.7625,0.3396
maze,exponential,0.6931471805599453,4000,0.7671875,0.3388
maze,exponential,0.7,4000,0.75625,0.3356
maze,exponential,0.9,4000,0.7671875,0.34320000000000006
maze,exponential,1.0498221244986778,4000,0.7578125,0.33440000000000003
maze,exponential,1.3862943611198906,4000,0.765625,0.3304
maze,exponential,2.0794415416798357,4000,0.7609375,0.3096
word_ladder,positive_only,,4000,0.1046875,0.046799999999999994
word_ladder,positive_only,,5000,0.0953125,0.053200000000000004
word_ladder,positive_only,,6000,0.09375,0.044
word_ladder,positive_only,,7000,0.1265625,0.054000000000000006
word_ladder,exponential,0.10536051565782628,4000,0.0203125,0.014400000000000001
word_ladder,exponential,0.2876820724517809,4000,0.0375,0.0248
word_ladder,exponential,0.5108256237659907,4000,0.05625,0.023600000000000003
word_ladder,exponential,0.6931471805599453,4000,0.078125,0.024399999999999998
word_ladder,exponential,0.95,4000,0.0875,0.021599999999999998
word_ladder,exponential,1.0498221244986778,4000,0.10625,0.0348
word_ladder,exponential,1.05,4000,0.09375,0.0248
word_ladder,exponential,1.12,4000,0.08125,0.0288
word_ladder,exponential,1.24,4000,0.1015625,0.034
word_ladder,exponential,1.3,4000,0.084375,0.0392
word_ladder,exponential,1.34,4000,0.0984375,0.03560000000000001
word_ladder,exponential,1.3862943611198906,4000,0.096875,0.0392
word_ladder,exponential,1.43,4000,0.0890625,0.036800000000000006
word_ladder,exponential,1.48,4000,0.0953125,0.0388
word_ladder,exponential,1.54,4000,0.0984375,0.034800000000000005
word_ladder,exponential,1.6,4000,0.0984375,0.04
word_ladder,exponential,1.78,4000,0.096875,0.0452
word_ladder,exponential,1.9,4000,0.103125,0.0408
word_ladder,exponential,2.0794415416798357,4000,0.1109375,0.0396
word_ladder,exponential,2.3,4000,0.1,0.04360000000000001
knights_knaves,positive_only,,4000,0.7046875,0.34319999999999995
knights_knaves,positive_only,,5000,0.659375,0.33840000000000003
knights_knaves,positive_only,,6000,0.646875,0.35
knights_knaves,positive_only,,7000,0.678125,0.32880000000000004
knights_knaves,exponential,0.10536051565782628,4000,0.5265625,0.19599999999999998
knights_knaves,exponential,0.2876820724517809,4000,0.6609375,0.2876
knights_knaves,exponential,0.5108256237659907,4000,0.6515625,0.3244
knights_knaves,exponential,0.65,4000,0.6734375,0.3068
knights_knaves,exponential,0.6931471805599453,4000,0.68125,0.33440000000000003
knights_knaves,exponential,0.72,4000,0.653125,0.3236
knights_knaves,exponential,0.78,4000,0.634375,0.31520000000000004
knights_knaves,exponential,0.84,4000,0.6328125,0.3028
knights_knaves,exponential,0.9,4000,0.66875,0.33440000000000003
knights_knaves,exponential,0.96,4000,0.6234375,0.2964
knights_knaves,exponential,1.0,4000,0.6375,0.28400000000000003
knights_knaves,exponential,1.0498221244986778,4000,0.6703125,0.32
knights_knaves,exponential,1.1,4000,0.6453125,0.2908
knights_knaves,exponential,1.16,4000,0.609375,0.29359999999999997
knights_knaves,exponential,1.22,4000,0.640625,0.3076
knights_knaves,exponential,1.28,4000,0.6328125,0.3184
knights_knaves,exponential,1.3862943611198906,4000,0.64375,0.3144
knights_knaves,exponential,1.42,4000,0.6671875,0.32080000000000003
knights_knaves,exponential,1.65,4000,0.640625,0.3156
knights_knaves,exponential,2.0794415416798357,4000,0.6578125,0.32639999999999997
graph_color,positive_only,,4000,0.98125,0.9571999999999999
graph_color,positive_only,,5000,0.984375,0.9648
graph_color,positive_only,,6000,0.9890625,0.9548
graph_color,positive_only,,7000,0.9921875,0.9672000000000001
graph_color,exponential,0.1,4000,0.990625,0.9724
graph_color,exponential,0.10536051565782628,4000,0.9921875,0.9712
graph_color,exponential,0.15,4000,0.9875,0.9672000000000001
graph_color,exponential,0.22,4000,1.0,0.9880000000000001
graph_color,exponential,0.2876820724517809,4000,0.996875,0.9835999999999998
graph_color,exponential,0.38,4000,0.9890625,0.9852000000000001
graph_color,exponential,0.5108256237659907,4000,0.996875,0.9827999999999999
graph_color,exponential,0.55,4000,0.9953125,0.9812
graph_color,exponential,0.6931471805599453,4000,0.9890625,0.9800000000000001
graph_color,exponential,0.75,4000,0.9953125,0.9852000000000001
graph_color,exponential,0.9,4000,0.9984375,0.9856
graph_color,exponential,1.0498221244986778,4000,0.9984375,0.9868
graph_color,exponential,1.2,4000,0.9984375,0.9924
graph_color,exponential,1.3862943611198906,4000,0.996875,0.9884000000000001
graph_color,exponential,1.6,4000,1.0,0.984
graph_color,exponential,1.8,4000,0.9984375,0.9968
graph_color,exponential,2.0794415416798357,4000,0.9984375,0.99
graph_color,exponential,2.6,4000,1.0,0.9892
graph_color,exponential,3.5,4000,0.996875,0.9864
graph_color,exponential,6.0,4000,0.9921875,0.9756
wikisql,positive_only,,4000,0.865625,0.784
wikisql,positive_only,,5000,0.84375,0.7696
wikisql,positive_only,,6000,0.8625,0.7712000000000001
wikisql,positive_only,,7000,0.8546875,0.7824
wikisql,exponential,0.10536051565782628,4000,0.3953125,0.22640000000000002
wikisql,exponential,0.2876820724517809,4000,0.6046875,0.524
wikisql,exponential,0.5108256237659907,4000,0.7703125,0.696
wikisql,exponential,0.6931471805599453,4000,0.75625,0.7016
wikisql,exponential,1.0498221244986778,4000,0.76875,0.7068
wikisql,exponential,1.3862943611198906,4000,0.7921875,0.7396
wikisql,exponential,1.4,4000,0.8,0.7243999999999999
wikisql,exponential,1.55,4000,0.7859375,0.7303999999999999
wikisql,exponential,1.7,4000,0.765625,0.7343999999999999
wikisql,exponential,1.85,4000,0.778125,0.7351999999999999
wikisql,exponential,2.0,4000,0.7859375,0.7404
wikisql,exponential,2.0794415416798357,4000,0.7890625,0.7388
wikisql,exponential,2.2,4000,0.7921875,0.7452
wikisql,exponential,2.35,4000,0.7796875,0.7472
wikisql,exponential,2.5,4000,0.784375,0.7375999999999999
wikisql,exponential,2.9,4000,0.7765625,0.7452
wikisql,exponential,3.4,4000,0.8015625,0.746
wikisql,exponential,3.8,4000,0.8171875,0.7636000000000001
wikisql,exponential,4.4,4000,0.8125,0.7652
wikisql,exponential,5.2,4000,0.809375,0.7552
