task,beta,seed,control_role,independent_seed,independent_seed_count_contribution,duplicate_control_seed_label,late_window_pass8_mean,late_window_greedy_mean,terminal_pass8,terminal_greedy,terminal_greedy_valid_rate,terminal_step,stop_reason,nan_inf_failure,complete
word_sorting,0.0,4000,sft_only_no_dpo_update,True,1,False,0.34375,0.23,0.34375,0.23,1.0,0,sft_only_no_dpo_update,False,True
word_sorting,0.05,4000,,True,1,False,0.00625,0.0004,0.0,0.0,0.976,1200,max_steps,False,True
word_sorting,0.1,4000,,True,1,False,0.0,0.0,0.0,0.0,0.662,1200,max_steps,False,True
word_sorting,0.2,4000,,True,1,False,0.0,0.0,0.0,0.0,0.92,1200,max_steps,False,True
word_sorting,0.5,4000,,True,1,False,0.14375,0.1079999999999999,0.125,0.102,0.998,1200,max_steps,False,True
word_sorting,1.0,4000,,True,1,False,0.3125,0.2544,0.3203125,0.272,1.0,1200,max_steps,False,True
word_sorting,0.0,5000,sft_only_no_dpo_update,False,0,True,0.34375,0.23,0.34375,0.23,1.0,0,sft_only_no_dpo_update,False,True
word_sorting,0.05,5000,,True,1,False,0.04375,0.0204,0.0546875,0.018,0.988,1200,max_steps,False,True
word_sorting,0.1,5000,,True,1,False,0.0,0.0004,0.0,0.0,0.588,1200,max_steps,False,True
word_sorting,0.2,5000,,True,1,False,0.0765625,0.0447999999999999,0.0859375,0.044,0.988,1200,max_steps,False,True
word_sorting,0.5,5000,,True,1,False,0.1375,0.1208,0.1484375,0.134,1.0,1200,max_steps,False,True
word_sorting,1.0,5000,,True,1,False,0.275,0.1948,0.28125,0.22,0.998,1200,max_steps,False,True
spiral_matrix,0.0,4000,sft_only_no_dpo_update,True,1,False,1.0,0.994,1.0,0.994,1.0,0,sft_only_no_dpo_update,False,True
spiral_matrix,0.05,4000,,True,1,False,0.0,0.0,0.0,0.0,1.0,1200,max_steps,False,True
spiral_matrix,0.1,4000,,True,1,False,0.0,0.0,0.0,0.0,1.0,1200,max_steps,False,True
spiral_matrix,0.2,4000,,True,1,False,0.0,0.0,0.0,0.0,0.48,1200,max_steps,False,True
spiral_matrix,0.5,4000,,True,1,False,0.2859375,0.1392,0.3359375,0.164,1.0,1200,max_steps,False,True
spiral_matrix,1.0,4000,,True,1,False,0.16875,0.0528,0.1171875,0.022,1.0,1200,max_steps,False,True
spiral_matrix,0.0,5000,sft_only_no_dpo_update,False,0,True,1.0,0.994,1.0,0.994,1.0,0,sft_only_no_dpo_update,False,True
spiral_matrix,0.05,5000,,True,1,False,0.0,0.0,0.0,0.0,1.0,1200,max_steps,False,True
spiral_matrix,0.1,5000,,True,1,False,0.0,0.0,0.0,0.0,1.0,1200,max_steps,False,True
spiral_matrix,0.2,5000,,True,1,False,0.0,0.0,0.0,0.0,0.172,1200,max_steps,False,True
spiral_matrix,0.5,5000,,True,1,False,0.0,0.0,0.0,0.0,0.418,1200,max_steps,False,True
spiral_matrix,1.0,5000,,True,1,False,0.0,0.0,0.0,0.0,1.0,1200,max_steps,False,True
mini_sudoku,0.0,4000,sft_only_no_dpo_update,True,1,False,0.9140625,0.682,0.9140625,0.682,0.918,0,sft_only_no_dpo_update,False,True
mini_sudoku,0.05,4000,,True,1,False,0.0,0.0,0.0,0.0,0.0,1200,max_steps,False,True
mini_sudoku,0.1,4000,,True,1,False,0.0,0.0,0.0,0.0,0.0,1200,max_steps,False,True
mini_sudoku,0.2,4000,,True,1,False,0.0,0.0,0.0,0.0,0.0,1200,max_steps,False,True
mini_sudoku,0.5,4000,,True,1,False,0.0,0.0,0.0,0.0,0.0,1200,max_steps,False,True
mini_sudoku,1.0,4000,,True,1,False,0.0,0.0,0.0,0.0,0.0,1200,max_steps,False,True
mini_sudoku,0.0,5000,sft_only_no_dpo_update,False,0,True,0.9140625,0.682,0.9140625,0.682,0.918,0,sft_only_no_dpo_update,False,True
mini_sudoku,0.05,5000,,True,1,False,0.0,0.0,0.0,0.0,0.002,1200,max_steps,False,True
mini_sudoku,0.1,5000,,True,1,False,0.0,0.0,0.0,0.0,0.0,1200,max_steps,False,True
mini_sudoku,0.2,5000,,True,1,False,0.0,0.0,0.0,0.0,0.0,1200,max_steps,False,True
mini_sudoku,0.5,5000,,True,1,False,0.0,0.0,0.0,0.0,0.0,1200,max_steps,False,True
mini_sudoku,1.0,5000,,True,1,False,0.0,0.0,0.0,0.0,0.0,1200,max_steps,False,True
maze,0.0,4000,sft_only_no_dpo_update,True,1,False,0.796875,0.314,0.796875,0.314,1.0,0,sft_only_no_dpo_update,False,True
maze,0.05,4000,,True,1,False,0.3375,0.2088,0.375,0.216,0.66,1200,max_steps,False,True
maze,0.1,4000,,True,1,False,0.4296875,0.28,0.453125,0.282,1.0,1200,max_steps,False,True
maze,0.2,4000,,True,1,False,0.5015625,0.2792,0.5234375,0.278,1.0,1200,max_steps,False,True
maze,0.5,4000,,True,1,False,0.6546875,0.2988,0.671875,0.304,1.0,1200,max_steps,False,True
maze,1.0,4000,,True,1,False,0.746875,0.318,0.765625,0.322,1.0,1200,max_steps,False,True
maze,0.0,5000,sft_only_no_dpo_update,False,0,True,0.796875,0.314,0.796875,0.314,1.0,0,sft_only_no_dpo_update,False,True
maze,0.05,5000,,True,1,False,0.325,0.2284,0.375,0.27,0.894,1200,max_steps,False,True
maze,0.1,5000,,True,1,False,0.440625,0.2748,0.453125,0.308,1.0,1200,max_steps,False,True
maze,0.2,5000,,True,1,False,0.3328125,0.1196,0.2734375,0.018,0.072,1200,max_steps,False,True
maze,0.5,5000,,True,1,False,0.1515625,0.0,0.171875,0.0,0.0,1200,max_steps,False,True
maze,1.0,5000,,True,1,False,0.76875,0.33,0.7578125,0.336,1.0,1200,max_steps,False,True
word_ladder,0.0,4000,sft_only_no_dpo_update,True,1,False,0.046875,0.02,0.046875,0.02,0.99,0,sft_only_no_dpo_update,False,True
word_ladder,0.05,4000,,True,1,False,0.0,0.0,0.0,0.0,0.754,1200,max_steps,False,True
word_ladder,0.1,4000,,True,1,False,0.0,0.0,0.0,0.0,0.906,1200,max_steps,False,True
word_ladder,0.2,4000,,True,1,False,0.0,0.0,0.0,0.0,0.61,1200,max_steps,False,True
word_ladder,0.5,4000,,True,1,False,0.003125,0.0,0.0,0.0,0.752,1200,max_steps,False,True
word_ladder,1.0,4000,,True,1,False,0.0,0.0,0.0,0.0,0.904,1200,max_steps,False,True
word_ladder,0.0,5000,sft_only_no_dpo_update,False,0,True,0.046875,0.02,0.046875,0.02,0.99,0,sft_only_no_dpo_update,False,True
word_ladder,0.05,5000,,True,1,False,0.0,0.0,0.0,0.0,0.696,1200,max_steps,False,True
word_ladder,0.1,5000,,True,1,False,0.0,0.0,0.0,0.0,0.012,1200,max_steps,False,True
word_ladder,0.2,5000,,True,1,False,0.0,0.0,0.0,0.0,0.62,1200,max_steps,False,True
word_ladder,0.5,5000,,True,1,False,0.0,0.0,0.0,0.0,0.73,1200,max_steps,False,True
word_ladder,1.0,5000,,True,1,False,0.0,0.0016,0.0,0.002,0.164,1200,max_steps,False,True
knights_knaves,0.0,4000,sft_only_no_dpo_update,True,1,False,0.4921875,0.242,0.4921875,0.242,1.0,0,sft_only_no_dpo_update,False,True
knights_knaves,0.05,4000,,True,1,False,0.2140625,0.1008,0.234375,0.104,0.904,1200,max_steps,False,True
knights_knaves,0.1,4000,,True,1,False,0.29375,0.1324,0.3046875,0.132,1.0,1200,max_steps,False,True
knights_knaves,0.2,4000,,True,1,False,0.434375,0.1903999999999999,0.4296875,0.19,1.0,1200,max_steps,False,True
knights_knaves,0.5,4000,,True,1,False,0.4546875,0.1823999999999999,0.4453125,0.178,1.0,1200,max_steps,False,True
knights_knaves,1.0,4000,,True,1,False,0.575,0.1976,0.5546875,0.2,1.0,1200,max_steps,False,True
knights_knaves,0.0,5000,sft_only_no_dpo_update,False,0,True,0.4921875,0.242,0.4921875,0.242,1.0,0,sft_only_no_dpo_update,False,True
knights_knaves,0.05,5000,,True,1,False,0.2578125,0.1132,0.25,0.108,0.936,1200,max_steps,False,True
knights_knaves,0.1,5000,,True,1,False,0.2984375,0.1504,0.296875,0.152,1.0,1200,max_steps,False,True
knights_knaves,0.2,5000,,True,1,False,0.43125,0.208,0.4375,0.21,1.0,1200,max_steps,False,True
knights_knaves,0.5,5000,,True,1,False,0.5,0.1871999999999999,0.5078125,0.186,1.0,1200,max_steps,False,True
knights_knaves,1.0,5000,,True,1,False,0.5890625,0.1992,0.59375,0.204,1.0,1200,max_steps,False,True
graph_color,0.0,4000,sft_only_no_dpo_update,True,1,False,0.96875,0.914,0.96875,0.914,1.0,0,sft_only_no_dpo_update,False,True
graph_color,0.05,4000,,True,1,False,0.0,0.0,0.0,0.0,0.0,1200,max_steps,False,True
graph_color,0.1,4000,,True,1,False,0.0,0.0,0.0,0.0,0.006,1200,max_steps,False,True
graph_color,0.2,4000,,True,1,False,0.0296875,0.0084,0.03125,0.01,0.062,1200,max_steps,False,True
graph_color,0.5,4000,,True,1,False,0.3296875,0.1831999999999999,0.3125,0.184,0.37,1200,max_steps,False,True
graph_color,1.0,4000,,True,1,False,0.775,0.5664,0.78125,0.576,0.786,1200,max_steps,False,True
graph_color,0.0,5000,sft_only_no_dpo_update,False,0,True,0.96875,0.914,0.96875,0.914,1.0,0,sft_only_no_dpo_update,False,True
graph_color,0.05,5000,,True,1,False,0.0,0.0,0.0,0.0,0.002,1200,max_steps,False,True
graph_color,0.1,5000,,True,1,False,0.0,0.0,0.0,0.0,0.01,1200,max_steps,False,True
graph_color,0.2,5000,,True,1,False,0.040625,0.0175999999999999,0.046875,0.016,0.066,1200,max_steps,False,True
graph_color,0.5,5000,,True,1,False,0.353125,0.206,0.34375,0.202,0.364,1200,max_steps,False,True
graph_color,1.0,5000,,True,1,False,0.7875,0.622,0.7890625,0.622,0.842,1200,max_steps,False,True
wikisql,0.0,4000,sft_only_no_dpo_update,True,1,False,0.7890625,0.714,0.7890625,0.714,1.0,0,sft_only_no_dpo_update,False,True
wikisql,0.05,4000,,True,1,False,0.0,0.0,0.0,0.0,0.0,1200,max_steps,False,True
wikisql,0.1,4000,,True,1,False,0.0,0.0,0.0,0.0,0.0,1200,max_steps,False,True
wikisql,0.2,4000,,True,1,False,0.0,0.0,0.0,0.0,0.0,1200,max_steps,False,True
wikisql,0.5,4000,,True,1,False,0.00625,0.0052,0.0078125,0.006,0.006,1200,max_steps,False,True
wikisql,1.0,4000,,True,1,False,0.4984375,0.3796,0.640625,0.542,0.888,1200,max_steps,False,True
wikisql,0.0,5000,sft_only_no_dpo_update,False,0,True,0.7890625,0.714,0.7890625,0.714,1.0,0,sft_only_no_dpo_update,False,True
wikisql,0.05,5000,,True,1,False,0.0,0.0,0.0,0.0,0.0,1200,max_steps,False,True
wikisql,0.1,5000,,True,1,False,0.0,0.0,0.0,0.0,0.0,1200,max_steps,False,True
wikisql,0.2,5000,,True,1,False,0.0203125,0.0164,0.015625,0.01,0.03,1200,max_steps,False,True
wikisql,0.5,5000,,True,1,False,0.1609375,0.0772,0.1953125,0.094,0.16,1200,max_steps,False,True
wikisql,1.0,5000,,True,1,False,0.6046875,0.4888,0.5859375,0.456,0.822,1200,max_steps,False,True
