task,beta,independent_seed_count,late_window_pass8_mean,late_window_greedy_mean,terminal_pass8_mean,terminal_greedy_mean,terminal_greedy_valid_rate_mean,nan_inf_failure
graph_color,0.0,1,0.96875,0.914,0.96875,0.914,1.0,False
graph_color,0.05,2,0.0,0.0,0.0,0.0,0.001,False
graph_color,0.1,2,0.0,0.0,0.0,0.0,0.008,False
graph_color,0.2,2,0.03515625,0.012999999999999949,0.0390625,0.013000000000000001,0.064,False
graph_color,0.5,2,0.34140625,0.19459999999999994,0.328125,0.193,0.367,False
graph_color,1.0,2,0.78125,0.5942000000000001,0.78515625,0.599,0.8140000000000001,False
knights_knaves,0.0,1,0.4921875,0.242,0.4921875,0.242,1.0,False
knights_knaves,0.05,2,0.2359375,0.107,0.2421875,0.106,0.92,False
knights_knaves,0.1,2,0.29609375000000004,0.1414,0.30078125,0.14200000000000002,1.0,False
knights_knaves,0.2,2,0.43281250000000004,0.19919999999999993,0.43359375,0.2,1.0,False
knights_knaves,0.5,2,0.47734375,0.1847999999999999,0.4765625,0.182,1.0,False
knights_knaves,1.0,2,0.58203125,0.1984,0.57421875,0.202,1.0,False
maze,0.0,1,0.796875,0.314,0.796875,0.314,1.0,False
maze,0.05,2,0.33125000000000004,0.21860000000000002,0.375,0.243,0.777,False
maze,0.1,2,0.43515625,0.2774,0.453125,0.295,1.0,False
maze,0.2,2,0.41718750000000004,0.1994,0.3984375,0.14800000000000002,0.536,False
maze,0.5,2,0.40312499999999996,0.1494,0.421875,0.152,0.5,False
maze,1.0,2,0.7578125,0.324,0.76171875,0.329,1.0,False
mini_sudoku,0.0,1,0.9140625,0.682,0.9140625,0.682,0.918,False
mini_sudoku,0.05,2,0.0,0.0,0.0,0.0,0.001,False
mini_sudoku,0.1,2,0.0,0.0,0.0,0.0,0.0,False
mini_sudoku,0.2,2,0.0,0.0,0.0,0.0,0.0,False
mini_sudoku,0.5,2,0.0,0.0,0.0,0.0,0.0,False
mini_sudoku,1.0,2,0.0,0.0,0.0,0.0,0.0,False
spiral_matrix,0.0,1,1.0,0.994,1.0,0.994,1.0,False
spiral_matrix,0.05,2,0.0,0.0,0.0,0.0,1.0,False
spiral_matrix,0.1,2,0.0,0.0,0.0,0.0,1.0,False
spiral_matrix,0.2,2,0.0,0.0,0.0,0.0,0.32599999999999996,False
spiral_matrix,0.5,2,0.14296875,0.0696,0.16796875,0.082,0.709,False
spiral_matrix,1.0,2,0.084375,0.0264,0.05859375,0.011,1.0,False
wikisql,0.0,1,0.7890625,0.714,0.7890625,0.714,1.0,False
wikisql,0.05,2,0.0,0.0,0.0,0.0,0.0,False
wikisql,0.1,2,0.0,0.0,0.0,0.0,0.0,False
wikisql,0.2,2,0.01015625,0.0082,0.0078125,0.005,0.015,False
wikisql,0.5,2,0.08359375000000001,0.0412,0.1015625,0.05,0.083,False
wikisql,1.0,2,0.5515625,0.43420000000000003,0.61328125,0.499,0.855,False
word_ladder,0.0,1,0.046875,0.02,0.046875,0.02,0.99,False
word_ladder,0.05,2,0.0,0.0,0.0,0.0,0.725,False
word_ladder,0.1,2,0.0,0.0,0.0,0.0,0.459,False
word_ladder,0.2,2,0.0,0.0,0.0,0.0,0.615,False
word_ladder,0.5,2,0.0015625,0.0,0.0,0.0,0.741,False
word_ladder,1.0,2,0.0,0.0008,0.0,0.001,0.534,False
word_sorting,0.0,1,0.34375,0.23,0.34375,0.23,1.0,False
word_sorting,0.05,2,0.024999999999999998,0.010400000000000001,0.02734375,0.009,0.982,False
word_sorting,0.1,2,0.0,0.0002,0.0,0.0,0.625,False
word_sorting,0.2,2,0.03828125,0.02239999999999995,0.04296875,0.022,0.954,False
word_sorting,0.5,2,0.140625,0.11439999999999995,0.13671875,0.118,0.999,False
word_sorting,1.0,2,0.29375,0.22460000000000002,0.30078125,0.246,0.999,False
