experiment_id,seed,alpha,branch,optimizer,steps_completed,stop_reason,support_boundary_onset,support_event_type,nan_inf_numerical_failure,task_performance_collapse,finite_mean_fixed_point,analytic_normalized_extrapolation_displacement,analytic_reward,analytic_sigma,finite_variance_fixed_point,reward,normalized_extrapolation_displacement,distance_to_a_plus,distance_to_a_star,sigma_mean,sigma_min,sigma_max,log_sigma_min,log_sigma_max,log_sigma_output_finite,sigma_output_finite,positive_gradient_norm,negative_gradient_norm,total_gradient_norm,normalized_field_residual,negative_raw_distance_mean,negative_standardized_distance_mean,dynamic_near_occupancy,dynamic_far_occupancy,local_negative_raw_distance,local_negative_standardized_distance,farthest_negative_raw_distance,farthest_negative_standardized_distance,terminal_state,scientific_role_at_window_1_start,final_scientific_role,scientific_role_not_reversed,window_1_displacement_change,window_2_displacement_change,window_2_reward_change,window_1_raw_gradient_median,window_2_raw_gradient_median,window_2_over_window_1_raw_gradient_ratio,window_1_adam_update_median,window_2_adam_update_median,window_2_over_window_1_adam_update_ratio,strict_residual_gate_used_for_acceptance
C-U1-E4-CONV-01,50,0.75,fixed_variance,adam,4000,completed,,,False,False,True,0.567859686860304,0.9218821060593873,nan,False,0.9215016961097717,0.5694779753684998,0.3994283676147461,0.30247029662132263,0.19039438664913177,0.1903943419456482,0.1903943419456482,-1.6586579084396362,-1.6586579084396362,True,True,6.70880651473999,6.668039798736572,0.05485966056585312,0.004101090741438841,1.2189191579818726,6.40207576751709,0.125244140625,0.874755859375,0.900328516960144,4.728756904602051,1.499926209449768,7.877997875213623,terminal_state_inconclusive,beneficial_extrapolation,beneficial_extrapolation,True,0.002716243267059326,0.005924820899963379,0.0021728873252868652,0.030181648209691048,0.04433634504675865,1.4689835604313572,0.0038114457856863737,0.004529750440269709,1.1884598902812364,False
C-U1-E4-CONV-01,50,1.0,fixed_variance,adam,4000,completed,,,False,False,True,1.0301326151320167,0.9996046048538051,nan,False,0.998115599155426,1.0275307893753052,0.7198961973190308,0.03731505572795868,0.19039438664913177,0.1903943419456482,0.1903943419456482,-1.6586579084396362,-1.6586579084396362,True,True,12.966785430908203,12.984718322753906,0.044585034251213074,0.001718013517614362,1.2002564668655396,6.304056167602539,0.0,1.0,1.2201182842254639,6.408374309539795,1.1802423000335693,6.198936462402344,stable_beneficial_extrapolation,beneficial_extrapolation,beneficial_extrapolation,True,0.003034234046936035,-0.004702210426330566,0.0003654360771179199,0.03835369274020195,0.044585034251213074,1.162470444585887,0.0034529773984104395,0.003882913151755929,1.124511603679598,False
C-U1-E4-CONV-01,50,1.25,fixed_variance,adam,4000,completed,,,False,False,True,2.013697005876493,0.6391801859207819,nan,False,0.6404464244842529,2.0096375942230225,1.4073357582092285,0.7079153656959534,0.19039438664913177,0.1903943419456482,0.1903943419456482,-1.6586579084396362,-1.6586579084396362,True,True,30.8634090423584,30.87421226501465,0.030704928562045097,0.0004973455068696929,1.3071117401123047,6.8652873039245605,0.37322998046875,0.62677001953125,1.9086050987243652,10.024484634399414,0.49274298548698425,2.5880126953125,stable_over_extrapolation,over_extrapolation,over_extrapolation,True,-0.0033104419708251953,0.0024824142456054688,-0.0010643601417541504,0.026498539373278618,0.030704928562045097,1.1587404169532545,0.003077506786212325,0.003089604899287224,1.0039311409902003,False
C-U1-E4-CONV-01,51,0.75,fixed_variance,adam,4000,completed,,,False,False,True,0.567859686860304,0.9218821060593873,nan,False,0.9219534397125244,0.5704030394554138,0.4000096321105957,0.3016431927680969,0.19039438664913177,0.1903943419456482,0.1903943419456482,-1.6586579084396362,-1.6586579084396362,True,True,6.96416711807251,6.9236063957214355,0.08643889427185059,0.006224100226432226,1.219051718711853,6.402772903442383,0.125274658203125,0.874725341796875,0.8992124795913696,4.722894668579102,1.5010361671447754,7.883828639984131,terminal_state_inconclusive,beneficial_extrapolation,beneficial_extrapolation,True,0.0011409521102905273,0.0031808018684387207,0.0011568069458007812,0.028930600732564926,0.0389825701713562,1.3474511135013023,0.0033801121171563864,0.00373014691285789,1.103557155375065,False
C-U1-E4-CONV-01,51,1.0,fixed_variance,adam,4000,completed,,,False,False,True,1.0301326151320167,0.9996046048538051,nan,False,0.9982600212097168,1.0307343006134033,0.7220708131790161,0.0365680493414402,0.19039438664913177,0.1903943419456482,0.1903943419456482,-1.6586579084396362,-1.6586579084396362,True,True,13.548169136047363,13.538552284240723,0.026480505242943764,0.00097761943322933,1.200258731842041,6.304067611694336,0.0,1.0,1.222109317779541,6.418832778930664,1.1782212257385254,6.188321113586426,stable_beneficial_extrapolation,beneficial_extrapolation,beneficial_extrapolation,True,0.0026454925537109375,-0.0002720355987548828,0.00025647878646850586,0.03623814508318901,0.026480505242943764,0.7307356704421428,0.002952528651803732,0.00325886276550591,1.1037531383531316,False
C-U1-E4-CONV-01,51,1.25,fixed_variance,adam,4000,completed,,,False,False,True,2.013697005876493,0.6391801859207819,nan,False,0.639003574848175,2.0123064517974854,1.4091863632202148,0.7097318768501282,0.19039438664913177,0.1903943419456482,0.1903943419456482,-1.6586579084396362,-1.6586579084396362,True,True,32.1319465637207,32.1431770324707,0.029841428622603416,0.00046427648758922335,1.3071560859680176,6.865519046783447,0.373809814453125,0.626190185546875,1.9089531898498535,10.026312828063965,0.492224782705307,2.5852909088134766,stable_over_extrapolation,over_extrapolation,over_extrapolation,True,0.005546092987060547,-0.00472569465637207,0.0029834508895874023,0.03520487621426582,0.03557062894105911,1.0103892632533977,0.002752478700131178,0.003353252774104476,1.2182665660390637,False
C-U1-E4-CONV-01,52,0.75,fixed_variance,adam,4000,completed,,,False,False,True,0.567859686860304,0.9218821060593873,nan,False,0.9209781289100647,0.5674645304679871,0.3978694975376129,0.30365100502967834,0.19039438664913177,0.1903943419456482,0.1903943419456482,-1.6586579084396362,-1.6586579084396362,True,True,6.458212852478027,6.451291084289551,0.019564209505915642,0.0015154888678714656,1.219248652458191,6.403807640075684,0.125152587890625,0.874847412109375,0.8975405693054199,4.714113235473633,1.5026650428771973,7.892382621765137,stable_beneficial_extrapolation,beneficial_extrapolation,beneficial_extrapolation,True,-0.00555342435836792,0.0021839141845703125,0.0008507966995239258,0.045375384390354156,0.044897470623254776,0.9894675544125864,0.0035292122047394514,0.003845344064757228,1.0895757584633865,False
C-U1-E4-CONV-01,52,1.0,fixed_variance,adam,4000,completed,,,False,False,True,1.0301326151320167,0.9996046048538051,nan,False,0.9985049962997437,1.0277668237686157,0.7199178338050842,0.03372675180435181,0.19039438664913177,0.1903943419456482,0.1903943419456482,-1.6586579084396362,-1.6586579084396362,True,True,12.797719955444336,12.814122200012207,0.021161021664738655,0.0008262202123649089,1.2002203464508057,6.303865432739258,0.0,1.0,1.2197145223617554,6.406254768371582,1.1805641651153564,6.200625896453857,stable_beneficial_extrapolation,beneficial_extrapolation,beneficial_extrapolation,True,-0.003473997116088867,-0.001869797706604004,0.0002353191375732422,0.03798229619860649,0.028044480830430984,0.7383566460486897,0.003084902884438634,0.0033727094996720552,1.0932951946997171,False
C-U1-E4-CONV-01,52,1.25,fixed_variance,adam,4000,completed,,,False,False,True,2.013697005876493,0.6391801859207819,nan,False,0.641140878200531,2.0087623596191406,1.4066128730773926,0.7070775628089905,0.19039438664913177,0.1903943419456482,0.1903943419456482,-1.6586579084396362,-1.6586579084396362,True,True,30.494840621948242,30.531620025634766,0.04779886081814766,0.0007832481240256882,1.3063446283340454,6.861258506774902,0.37396240234375,0.62603759765625,1.9063847064971924,10.012822151184082,0.49461284279823303,2.5978336334228516,stable_over_extrapolation,over_extrapolation,over_extrapolation,True,0.006899356842041016,-0.0062792301177978516,0.003724396228790283,0.02983781509101391,0.02983781509101391,1.0,0.0028002720791846514,0.0028848452493548393,1.030201768891976,False
C-U1-E4-CONV-01,53,0.75,fixed_variance,adam,4000,completed,,,False,False,True,0.567859686860304,0.9218821060593873,nan,False,0.9201501607894897,0.5648946166038513,0.3960418403148651,0.3053811192512512,0.19039438664913177,0.1903943419456482,0.1903943419456482,-1.6586579084396362,-1.6586579084396362,True,True,6.84066915512085,6.864917278289795,0.027137715369462967,0.0019800477346453645,1.2194912433624268,6.405081272125244,0.1251220703125,0.8748779296875,0.8955685496330261,4.703756332397461,1.5046132802963257,7.902615547180176,terminal_state_inconclusive,beneficial_extrapolation,beneficial_extrapolation,True,-0.0032938122749328613,-0.002644658088684082,-0.0008268356323242188,0.03233984857797623,0.042489565908908844,1.313845542797151,0.0036597209982573986,0.003618658520281315,0.9887798884134512,False
C-U1-E4-CONV-01,53,1.0,fixed_variance,adam,4000,completed,,,False,False,True,1.0301326151320167,0.9996046048538051,nan,False,0.9983004331588745,1.0276342630386353,0.7199434041976929,0.036189187318086624,0.19039438664913177,0.1903943419456482,0.1903943419456482,-1.6586579084396362,-1.6586579084396362,True,True,13.37022590637207,13.370621681213379,0.0718085989356041,0.0026853523883416043,1.2002454996109009,6.30399751663208,0.0,1.0,1.2198281288146973,6.406850814819336,1.1805219650268555,6.200405120849609,stable_beneficial_extrapolation,beneficial_extrapolation,beneficial_extrapolation,True,-0.008884787559509277,0.004413962364196777,8.487701416015625e-05,0.03173233941197395,0.030116021633148193,0.9490640208450608,0.0030679060146212578,0.003577058669179678,1.1659609688601482,False
C-U1-E4-CONV-01,53,1.25,fixed_variance,adam,4000,completed,,,False,False,True,2.013697005876493,0.6391801859207819,nan,False,0.6378970742225647,2.0141820907592773,1.410526156425476,0.7111067175865173,0.19039438664913177,0.1903943419456482,0.1903943419456482,-1.6586579084396362,-1.6586579084396362,True,True,31.55369758605957,31.519296646118164,0.048987071961164474,0.0007766726878517546,1.3076629638671875,6.868181228637695,0.373931884765625,0.626068115234375,1.9105970859527588,10.03494644165039,0.4906003475189209,2.576758861541748,terminal_state_inconclusive,over_extrapolation,over_extrapolation,True,0.007183074951171875,0.0009551048278808594,-0.0002415776252746582,0.02479328028857708,0.03428583964705467,1.3828682307460165,0.0026806502137333155,0.0028974858578294516,1.080889197324313,False
C-U1-E4-CONV-01,54,0.75,fixed_variance,adam,4000,completed,,,False,False,True,0.567859686860304,0.9218821060593873,nan,False,0.9209734797477722,0.5679630637168884,0.3983897268772125,0.303523451089859,0.19039438664913177,0.1903943419456482,0.1903943419456482,-1.6586579084396362,-1.6586579084396362,True,True,7.197563171386719,7.190855026245117,0.024024048820137978,0.00166967963331024,1.2192267179489136,6.40369176864624,0.12542724609375,0.87457275390625,0.8979184627532959,4.716098785400391,1.5023390054702759,7.8906707763671875,stable_beneficial_extrapolation,beneficial_extrapolation,beneficial_extrapolation,True,0.0020520687103271484,-0.00028246641159057617,1.0073184967041016e-05,0.03909340128302574,0.04134529083967209,1.057602804635577,0.003974344115704298,0.004097978584468365,1.0311081439263237,False
C-U1-E4-CONV-01,54,1.0,fixed_variance,adam,4000,completed,,,False,False,True,1.0301326151320167,0.9996046048538051,nan,False,0.9982401132583618,1.023050308227539,0.7167932987213135,0.035516705363988876,0.19039438664913177,0.1903943419456482,0.1903943419456482,-1.6586579084396362,-1.6586579084396362,True,True,13.752472877502441,13.805974960327148,0.05866331234574318,0.0021286870977259356,1.2002311944961548,6.303923606872559,0.0,1.0,1.2165597677230835,6.389684677124023,1.183811902999878,6.217683792114258,stable_beneficial_extrapolation,beneficial_extrapolation,beneficial_extrapolation,True,-0.0009274482727050781,-0.0009894371032714844,0.0002853274345397949,0.04826236888766289,0.04126298055052757,0.8549721346370849,0.0034899499733000994,0.0037292141932994127,1.0685580658261027,False
C-U1-E4-CONV-01,54,1.25,fixed_variance,adam,4000,completed,,,False,False,True,2.013697005876493,0.6391801859207819,nan,False,0.6413823962211609,2.0079331398010254,1.4062187671661377,0.7068343162536621,0.19039438664913177,0.1903943419456482,0.1903943419456482,-1.6586579084396362,-1.6586579084396362,True,True,31.161378860473633,31.19120216369629,0.034996479749679565,0.0005612675397689345,1.306181788444519,6.860401630401611,0.37353515625,0.62646484375,1.905754566192627,10.009512901306152,0.4954041838645935,2.60198974609375,stable_over_extrapolation,over_extrapolation,over_extrapolation,True,0.0042307376861572266,-0.0012254714965820312,0.0009738802909851074,0.04596640169620514,0.03417300432920456,0.7434344013929154,0.002820030553266406,0.0031443173065781593,1.1149940566906753,False
C-U1-E4-CONV-01,55,0.75,fixed_variance,adam,4000,completed,,,False,False,True,0.567859686860304,0.9218821060593873,nan,False,0.9199905395507812,0.5648182034492493,0.3960300087928772,0.30554091930389404,0.19039438664913177,0.1903943419456482,0.1903943419456482,-1.6586579084396362,-1.6586579084396362,True,True,6.927566051483154,6.969205379486084,0.050061170011758804,0.0036023597466813668,1.2195297479629517,6.405282974243164,0.125244140625,0.874755859375,0.8953976035118103,4.7028584480285645,1.504813313484192,7.903665542602539,stable_beneficial_extrapolation,beneficial_extrapolation,beneficial_extrapolation,True,0.008481740951538086,-0.00839143991470337,-0.0028192996978759766,0.04452184587717056,0.044411029666662216,0.9975109699895626,0.003816829062998295,0.0040545836091041565,1.0622911170978913,False
C-U1-E4-CONV-01,55,1.0,fixed_variance,adam,4000,completed,,,False,False,True,1.0301326151320167,0.9996046048538051,nan,False,0.9984201192855835,1.0274912118911743,0.7197584509849548,0.03469762206077576,0.19039438664913177,0.1903943419456482,0.1903943419456482,-1.6586579084396362,-1.6586579084396362,True,True,13.698432922363281,13.71798038482666,0.0403718501329422,0.0014725430960129723,1.2002418041229248,6.30397891998291,0.0,1.0,1.2199432849884033,6.4074554443359375,1.1803851127624512,6.199686050415039,stable_beneficial_extrapolation,beneficial_extrapolation,beneficial_extrapolation,True,0.0004222393035888672,-0.005139946937561035,0.00031948089599609375,0.03781932219862938,0.03340059518814087,0.8831621839418198,0.0029921489767730236,0.0032931712921708822,1.1006040533859065,False
C-U1-E4-CONV-01,55,1.25,fixed_variance,adam,4000,completed,,,False,False,True,2.013697005876493,0.6391801859207819,nan,False,0.641067385673523,2.0089640617370605,1.4067174196243286,0.7071558237075806,0.19039438664913177,0.1903943419456482,0.1903943419456482,-1.6586579084396362,-1.6586579084396362,True,True,32.118492126464844,32.14351272583008,0.030017321929335594,0.00046710839474008647,1.30652916431427,6.862227439880371,0.373809814453125,0.626190185546875,1.9069468975067139,10.015774726867676,0.49407005310058594,2.594982862472534,terminal_state_inconclusive,over_extrapolation,over_extrapolation,True,0.005559444427490234,-0.01462697982788086,0.008480608463287354,0.042181868106126785,0.034475769847631454,0.8173125419882472,0.0024236247409135103,0.0030594654381275177,1.2623511331933124,False
C-U1-E4-CONV-01,56,0.75,fixed_variance,adam,4000,completed,,,False,False,True,0.567859686860304,0.9218821060593873,nan,False,0.9208071231842041,0.5671399235725403,0.39773908257484436,0.3039449453353882,0.19039438664913177,0.1903943419456482,0.1903943419456482,-1.6586579084396362,-1.6586579084396362,True,True,6.943582534790039,6.951052188873291,0.01648314669728279,0.0011862957915122372,1.219326138496399,6.404213905334473,0.12518310546875,0.87481689453125,0.8969277143478394,4.710894584655762,1.50327467918396,7.8955841064453125,stable_beneficial_extrapolation,beneficial_extrapolation,beneficial_extrapolation,True,0.0005328059196472168,0.001835167407989502,0.0007309317588806152,0.05534509941935539,0.04822529852390289,0.8713562542998604,0.003692392725497484,0.003976074978709221,1.076828840890297,False
C-U1-E4-CONV-01,56,1.0,fixed_variance,adam,4000,completed,,,False,False,True,1.0301326151320167,0.9996046048538051,nan,False,0.9984400272369385,1.0241023302078247,0.7174331545829773,0.03298079967498779,0.19039438664913177,0.1903943419456482,0.1903943419456482,-1.6586579084396362,-1.6586579084396362,True,True,13.71117115020752,13.751585960388184,0.04697412624955177,0.0017104665078010856,1.2002112865447998,6.303818225860596,0.0,1.0,1.2171471118927002,6.392769813537598,1.1831599473953247,6.214260101318359,stable_beneficial_extrapolation,beneficial_extrapolation,beneficial_extrapolation,True,-0.003929734230041504,-0.004293680191040039,0.0003172159194946289,0.033707890659570694,0.03590639308094978,1.0652221891776805,0.0031431708484888077,0.003299851668998599,1.0498480127432848,False
C-U1-E4-CONV-01,56,1.25,fixed_variance,adam,4000,completed,,,False,False,True,2.013697005876493,0.6391801859207819,nan,False,0.6366888880729675,2.0161709785461426,1.4119834899902344,0.7126173377037048,0.19039438664913177,0.1903943419456482,0.1903943419456482,-1.6586579084396362,-1.6586579084396362,True,True,31.244434356689453,31.22263526916504,0.04861060157418251,0.0007781796371325588,1.3079832792282104,6.869864463806152,0.373687744140625,0.626312255859375,1.9116203784942627,10.040321350097656,0.4895976185798645,2.5714924335479736,stable_over_extrapolation,over_extrapolation,over_extrapolation,True,-0.002800464630126953,0.002354145050048828,-0.0010118484497070312,0.039022643119096756,0.036886584013700485,0.9452610347567427,0.0028600224759429693,0.0034822183661162853,1.2175493008907818,False
C-U1-E4-CONV-01,57,0.75,fixed_variance,adam,4000,completed,,,False,False,True,0.567859686860304,0.9218821060593873,nan,False,0.9200226068496704,0.5646194219589233,0.3958694636821747,0.30560892820358276,0.19039438664913177,0.1903943419456482,0.1903943419456482,-1.6586579084396362,-1.6586579084396362,True,True,6.529070854187012,6.5594587326049805,0.038145240396261215,0.002914402274396946,1.2194913625717163,6.405081272125244,0.125396728515625,0.874603271484375,0.895638108253479,4.7041215896606445,1.504568338394165,7.902379989624023,stable_beneficial_extrapolation,beneficial_extrapolation,beneficial_extrapolation,True,0.0022351741790771484,-0.002042412757873535,-0.0006070137023925781,0.04045316204428673,0.03844613954424858,0.9503865112487145,0.0035755073186010122,0.003850662149488926,1.0769554657199174,False
C-U1-E4-CONV-01,57,1.0,fixed_variance,adam,4000,completed,,,False,False,True,1.0301326151320167,0.9996046048538051,nan,False,0.9982977509498596,1.0335692167282104,0.7240151166915894,0.03617631271481514,0.19039438664913177,0.1903943419456482,0.1903943419456482,-1.6586579084396362,-1.6586579084396362,True,True,12.61011028289795,12.586394309997559,0.040581442415714264,0.0016105980996727275,1.200263261795044,6.304090976715088,0.0,1.0,1.2237956523895264,6.4276885986328125,1.1765096187591553,6.179330825805664,terminal_state_inconclusive,beneficial_extrapolation,beneficial_extrapolation,True,0.007407784461975098,0.00017261505126953125,0.00022590160369873047,0.03529920056462288,0.03480323404073715,0.9859496386333806,0.0030272603034973145,0.003892781911417842,1.2859092120094902,False
C-U1-E4-CONV-01,57,1.25,fixed_variance,adam,4000,completed,,,False,False,True,2.013697005876493,0.6391801859207819,nan,False,0.6351513862609863,2.0192344188690186,1.4139959812164307,0.7145179510116577,0.19039438664913177,0.1903943419456482,0.1903943419456482,-1.6586579084396362,-1.6586579084396362,True,True,29.001667022705078,28.981088638305664,0.03545977920293808,0.0006115573293937396,1.3084771633148193,6.872458457946777,0.37384033203125,0.62615966796875,1.9133317470550537,10.049310684204102,0.48772096633911133,2.5616354942321777,stable_over_extrapolation,over_extrapolation,over_extrapolation,True,0.0017473697662353516,0.006649494171142578,-0.0034807324409484863,0.032137345522642136,0.03389947861433029,1.0548313204787452,0.002601591171696782,0.0029335678555071354,1.127605246905045,False
C-U1-E4-CONV-01,58,0.75,fixed_variance,adam,4000,completed,,,False,False,True,0.567859686860304,0.9218821060593873,nan,False,0.9204258918762207,0.566085159778595,0.3969736099243164,0.30469152331352234,0.19039438664913177,0.1903943419456482,0.1903943419456482,-1.6586579084396362,-1.6586579084396362,True,True,7.126541614532471,7.137868881225586,0.01895718090236187,0.0013289845316774933,1.2194234132766724,6.404725551605225,0.125213623046875,0.874786376953125,0.8963611125946045,4.707919120788574,1.503883957862854,7.898784637451172,stable_beneficial_extrapolation,beneficial_extrapolation,beneficial_extrapolation,True,0.0018636584281921387,-0.0024361014366149902,-0.000747382640838623,0.041065581142902374,0.041065581142902374,1.0,0.004197095520794392,0.003987936768680811,0.9501658346641602,False
C-U1-E4-CONV-01,58,1.0,fixed_variance,adam,4000,completed,,,False,False,True,1.0301326151320167,0.9996046048538051,nan,False,0.9982250928878784,1.0297132730484009,0.7213559150695801,0.03697468340396881,0.19039438664913177,0.1903943419456482,0.1903943419456482,-1.6586579084396362,-1.6586579084396362,True,True,14.105162620544434,14.103181838989258,0.030167263001203537,0.001069444647645981,1.200273036956787,6.304142475128174,0.0,1.0,1.220691442489624,6.411384582519531,1.1796889305114746,6.1960296630859375,terminal_state_inconclusive,beneficial_extrapolation,beneficial_extrapolation,True,0.010157585144042969,-0.008480429649353027,0.000525057315826416,0.03504154458642006,0.0489521361887455,1.3969742705838466,0.0029674621764570475,0.0034347076434642076,1.1574562502309702,False
C-U1-E4-CONV-01,58,1.25,fixed_variance,adam,4000,completed,,,False,False,True,2.013697005876493,0.6391801859207819,nan,False,0.6399609446525574,2.0106239318847656,1.4080034494400024,0.708556056022644,0.19039438664913177,0.1903943419456482,0.1903943419456482,-1.6586579084396362,-1.6586579084396362,True,True,32.444820404052734,32.460655212402344,0.036267463117837906,0.0005587735514358158,1.3066598176956177,6.862913131713867,0.373046875,0.626953125,1.9072349071502686,10.017287254333496,0.4940796494483948,2.5950331687927246,stable_over_extrapolation,over_extrapolation,over_extrapolation,True,-0.00042319297790527344,-5.4836273193359375e-06,0.0003123283386230469,0.04933588579297066,0.049325816333293915,0.999795899890822,0.0026016568299382925,0.0031979128252714872,1.2291831837588423,False
C-U1-E4-CONV-01,59,0.75,fixed_variance,adam,4000,completed,,,False,False,True,0.567859686860304,0.9218821060593873,nan,False,0.9212535619735718,0.5689429044723511,0.3991157114505768,0.3029588460922241,0.19039438664913177,0.1903943419456482,0.1903943419456482,-1.6586579084396362,-1.6586579084396362,True,True,7.4362874031066895,7.42264986038208,0.02420293167233467,0.001628846750151119,1.2192134857177734,6.403621673583984,0.1248779296875,0.8751220703125,0.8980749845504761,4.716920852661133,1.5021792650222778,7.88983154296875,stable_beneficial_extrapolation,beneficial_extrapolation,beneficial_extrapolation,True,0.00700753927230835,-0.0027616024017333984,-0.0008759498596191406,0.05703599750995636,0.05762283131480217,1.0102888321492645,0.0037463258486241102,0.003912883345037699,1.0444588920301097,False
C-U1-E4-CONV-01,59,1.0,fixed_variance,adam,4000,completed,,,False,False,True,1.0301326151320167,0.9996046048538051,nan,False,0.9979310631752014,1.0309022665023804,0.7223095893859863,0.03867065906524658,0.19039438664913177,0.1903943419456482,0.1903943419456482,-1.6586579084396362,-1.6586579084396362,True,True,14.410164833068848,14.419118881225586,0.060164760798215866,0.002086932210819455,1.2002801895141602,6.304180145263672,0.0,1.0,1.2208389043807983,6.412158966064453,1.1795381307601929,6.195237636566162,stable_beneficial_extrapolation,beneficial_extrapolation,beneficial_extrapolation,True,0.005186676979064941,-0.006670355796813965,0.0003961324691772461,0.04428621008992195,0.05510343983769417,1.2442572919608186,0.0035025342367589474,0.003819054923951626,1.0903690487507038,False
C-U1-E4-CONV-01,59,1.25,fixed_variance,adam,4000,completed,,,False,False,True,2.013697005876493,0.6391801859207819,nan,False,0.6336008906364441,2.0217432975769043,1.4158594608306885,0.7164518237113953,0.19039438664913177,0.1903943419456482,0.1903943419456482,-1.6586579084396362,-1.6586579084396362,True,True,33.611087799072266,33.560081481933594,0.05770736187696457,0.0008591090864526866,1.3088327646255493,6.874325752258301,0.37353515625,0.62646484375,1.9142019748687744,10.05388069152832,0.48706570267677307,2.558194398880005,stable_over_extrapolation,over_extrapolation,over_extrapolation,True,0.0028753280639648438,0.005066871643066406,-0.0026183724403381348,0.034369442611932755,0.03342312574386597,0.9724663306661181,0.0027750320732593536,0.003246195614337921,1.1697867010687097,False
C-U1-E4-CONV-01,60,0.75,fixed_variance,adam,4000,completed,,,False,False,True,0.567859686860304,0.9218821060593873,nan,False,0.9213619232177734,0.5689212679862976,0.39899373054504395,0.30282264947891235,0.19039438664913177,0.1903943419456482,0.1903943419456482,-1.6586579084396362,-1.6586579084396362,True,True,7.107381343841553,7.100960731506348,0.03943848982453346,0.0027757277812840812,1.219333529472351,6.4042534828186035,0.1251220703125,0.8748779296875,0.8970078229904175,4.711315155029297,1.5032293796539307,7.895346641540527,terminal_state_inconclusive,beneficial_extrapolation,beneficial_extrapolation,True,0.01149207353591919,-0.004453420639038086,-0.0014357566833496094,0.04407329857349396,0.05717666447162628,1.297308491132833,0.00390367629006505,0.004031443502753973,1.0327299712361124,False
C-U1-E4-CONV-01,60,1.0,fixed_variance,adam,4000,completed,,,False,False,True,1.0301326151320167,0.9996046048538051,nan,False,0.9981073141098022,1.0322468280792236,0.7231681942939758,0.03767617046833038,0.19039438664913177,0.1903943419456482,0.1903943419456482,-1.6586579084396362,-1.6586579084396362,True,True,13.854015350341797,13.839265823364258,0.026411861181259155,0.0009537281268907738,1.2002731561660767,6.304142951965332,0.0,1.0,1.221909999847412,6.41778564453125,1.1784586906433105,6.189567565917969,stable_beneficial_extrapolation,beneficial_extrapolation,beneficial_extrapolation,True,-0.002542853355407715,0.006393313407897949,9.268522262573242e-05,0.04173228144645691,0.041544318199157715,0.9954959747997397,0.0033111271914094687,0.0035976155195385218,1.0865229003803691,False
C-U1-E4-CONV-01,60,1.25,fixed_variance,adam,4000,completed,,,False,False,True,2.013697005876493,0.6391801859207819,nan,False,0.6370285749435425,2.0158698558807373,1.4116621017456055,0.7121883034706116,0.19039438664913177,0.1903943419456482,0.1903943419456482,-1.6586579084396362,-1.6586579084396362,True,True,32.85353088378906,32.83837890625,0.02246471494436264,0.00034197079999900767,1.307667851448059,6.8682074546813965,0.373870849609375,0.626129150390625,1.9106643199920654,10.035300254821777,0.49045848846435547,2.5760140419006348,stable_over_extrapolation,over_extrapolation,over_extrapolation,True,0.011794567108154297,-0.00018930435180664062,0.00036138296127319336,0.0444234199821949,0.03270559385418892,0.736224132840233,0.002396433148533106,0.0029675140976905823,1.238304560887519,False
C-U1-E4-CONV-01,61,0.75,fixed_variance,adam,4000,completed,,,False,False,True,0.567859686860304,0.9218821060593873,nan,False,0.9182809591293335,0.5600045323371887,0.3927152752876282,0.3088931441307068,0.19039438664913177,0.1903943419456482,0.1903943419456482,-1.6586579084396362,-1.6586579084396362,True,True,6.615479946136475,6.684471130371094,0.08148286491632462,0.006126553732986742,1.2198123931884766,6.406768798828125,0.12548828125,0.87451171875,0.893386960029602,4.69229793548584,1.5068702697753906,7.914469242095947,stable_beneficial_extrapolation,beneficial_extrapolation,beneficial_extrapolation,True,0.0012779831886291504,-0.005920886993408203,-0.0019478797912597656,0.06299728155136108,0.06591780483722687,1.0463595128860395,0.0038197669200599194,0.003924921620637178,1.0275290882344228,False
C-U1-E4-CONV-01,61,1.0,fixed_variance,adam,4000,completed,,,False,False,True,1.0301326151320167,0.9996046048538051,nan,False,0.9982373714447021,1.0297887325286865,0.7214019298553467,0.03675335273146629,0.19039438664913177,0.1903943419456482,0.1903943419456482,-1.6586579084396362,-1.6586579084396362,True,True,13.072376251220703,13.061992645263672,0.01589343696832657,0.000608143132565331,1.2002851963043213,6.304206371307373,0.0,1.0,1.222885251045227,6.422907829284668,1.1774826049804688,6.184441089630127,stable_beneficial_extrapolation,beneficial_extrapolation,beneficial_extrapolation,True,0.0048111677169799805,-0.0015882253646850586,0.00029653310775756836,0.04253477230668068,0.04030872508883476,0.9476652372370573,0.0031547537073493004,0.0035754425916820765,1.1333507853094018,False
C-U1-E4-CONV-01,61,1.25,fixed_variance,adam,4000,completed,,,False,False,True,2.013697005876493,0.6391801859207819,nan,False,0.6407440900802612,2.0091938972473145,1.4069944620132446,0.7075536251068115,0.19039438664913177,0.1903943419456482,0.1903943419456482,-1.6586579084396362,-1.6586579084396362,True,True,30.31802749633789,30.335403442382812,0.027796069160103798,0.0004582769470730556,1.3066719770431519,6.862976551055908,0.37335205078125,0.62664794921875,1.907326579093933,10.017768859863281,0.4938623905181885,2.5938923358917236,stable_over_extrapolation,over_extrapolation,over_extrapolation,True,0.009284257888793945,-0.0034706592559814453,0.002301156520843506,0.02878127433359623,0.027796069160103798,0.9657692302962969,0.002971913665533066,0.003127027302980423,1.0521931842254693,False
C-U1-E4-CONV-01,62,0.75,fixed_variance,adam,4000,completed,,,False,False,True,0.567859686860304,0.9218821060593873,nan,False,0.9230273365974426,0.5733476281166077,0.40193819999694824,0.29949042201042175,0.19039438664913177,0.1903943419456482,0.1903943419456482,-1.6586579084396362,-1.6586579084396362,True,True,6.890562534332275,6.839878082275391,0.05781625211238861,0.004210808212698775,1.2187583446502686,6.401230812072754,0.1248779296875,0.8751220703125,0.901453971862793,4.734667778015137,1.4987561702728271,7.871852874755859,stable_beneficial_extrapolation,beneficial_extrapolation,beneficial_extrapolation,True,-0.005135893821716309,0.013180017471313477,0.004673957824707031,0.04772648960351944,0.05091043561697006,1.0667123444422746,0.0037520055193454027,0.00438728928565979,1.1693184519689146,False
C-U1-E4-CONV-01,62,1.0,fixed_variance,adam,4000,completed,,,False,False,True,1.0301326151320167,0.9996046048538051,nan,False,0.9981587529182434,1.036953330039978,0.7263736724853516,0.03849360719323158,0.19039438664913177,0.1903943419456482,0.1903943419456482,-1.6586579084396362,-1.6586579084396362,True,True,13.18313980102539,13.122387886047363,0.07524953782558441,0.00286059792149926,1.2002955675125122,6.304260730743408,0.0,1.0,1.2259976863861084,6.4392547607421875,1.174336314201355,6.167915344238281,stable_beneficial_extrapolation,beneficial_extrapolation,beneficial_extrapolation,True,-0.0021178722381591797,0.006815195083618164,2.0682811737060547e-05,0.03864326700568199,0.03402514383196831,0.8804934589760579,0.0031288343016058207,0.0035558047238737345,1.1364630981093433,False
C-U1-E4-CONV-01,62,1.25,fixed_variance,adam,4000,completed,,,False,False,True,2.013697005876493,0.6391801859207819,nan,False,0.6336796283721924,2.0220816135406494,1.415908932685852,0.7163473963737488,0.19039438664913177,0.1903943419456482,0.1903943419456482,-1.6586579084396362,-1.6586579084396362,True,True,29.92916488647461,29.89861297607422,0.034277308732271194,0.0005729330079920557,1.3090944290161133,6.875699996948242,0.37384033203125,0.62615966796875,1.9153984785079956,10.060164451599121,0.4855790436267853,2.5503859519958496,stable_over_extrapolation,over_extrapolation,over_extrapolation,True,0.005691051483154297,0.007605075836181641,-0.004008114337921143,0.027107207104563713,0.03197977691888809,1.1797518200797619,0.0028844394255429506,0.002900505904108286,1.005570052337747,False
C-U1-E4-CONV-01,63,0.75,fixed_variance,adam,4000,completed,,,False,False,True,0.567859686860304,0.9218821060593873,nan,False,0.920132040977478,0.5651865005493164,0.39630207419395447,0.30528074502944946,0.19039438664913177,0.1903943419456482,0.1903943419456482,-1.6586579084396362,-1.6586579084396362,True,True,7.2180023193359375,7.218902587890625,0.014711940661072731,0.0010190508807540511,1.2193703651428223,6.404446601867676,0.125152587890625,0.874847412109375,0.8967218995094299,4.709814071655273,1.50351083278656,7.896824836730957,stable_beneficial_extrapolation,beneficial_extrapolation,beneficial_extrapolation,True,-0.003327667713165283,0.0018849968910217285,0.0007319450378417969,0.05214738845825195,0.03718535602092743,0.7130818459048472,0.0035004804376512766,0.004020946566015482,1.148684198536308,False
C-U1-E4-CONV-01,63,1.0,fixed_variance,adam,4000,completed,,,False,False,True,1.0301326151320167,0.9996046048538051,nan,False,0.998321533203125,1.0289719104766846,0.7208099365234375,0.03646955266594887,0.19039438664913177,0.1903943419456482,0.1903943419456482,-1.6586579084396362,-1.6586579084396362,True,True,13.87449836730957,13.878357887268066,0.029436951503157616,0.001060681871196632,1.2002589702606201,6.304068565368652,0.0,1.0,1.2210931777954102,6.413495063781738,1.1792562007904053,6.193756103515625,stable_beneficial_extrapolation,beneficial_extrapolation,beneficial_extrapolation,True,-0.005149364471435547,0.007928013801574707,6.115436553955078e-05,0.04031446576118469,0.04615089297294617,1.144772530196366,0.0031821709126234055,0.0037997227627784014,1.194066210493352,False
C-U1-E4-CONV-01,63,1.25,fixed_variance,adam,4000,completed,,,False,False,True,2.013697005876493,0.6391801859207819,nan,False,0.6368356347084045,2.0161612033843994,1.4118585586547852,0.7123987078666687,0.19039438664913177,0.1903943419456482,0.1903943419456482,-1.6586579084396362,-1.6586579084396362,True,True,33.50138473510742,33.467918395996094,0.04257886856794357,0.000635796799088498,1.308384895324707,6.871973991394043,0.373504638671875,0.626495361328125,1.9128921031951904,10.047000885009766,0.4883631467819214,2.5650086402893066,stable_over_extrapolation,over_extrapolation,over_extrapolation,True,0.0013895034790039062,0.006405353546142578,-0.003348052501678467,0.03333767130970955,0.03910113871097565,1.1728815233590564,0.002794186817482114,0.0034041041508316994,1.218280799813948,False
C-U1-E4-CONV-01,64,0.75,fixed_variance,adam,4000,completed,,,False,False,True,0.567859686860304,0.9218821060593873,nan,False,0.9207238554954529,0.5669245719909668,0.39753657579421997,0.3040706217288971,0.19039438664913177,0.1903943419456482,0.1903943419456482,-1.6586579084396362,-1.6586579084396362,True,True,6.8025102615356445,6.795593738555908,0.012796111404895782,0.0009410217339717867,1.2193212509155273,6.4041876792907715,0.12530517578125,0.87469482421875,0.8970981240272522,4.711790084838867,1.5031352043151855,7.894852638244629,stable_beneficial_extrapolation,beneficial_extrapolation,beneficial_extrapolation,True,0.0026131272315979004,-0.0009355545043945312,-0.0001913309097290039,0.06126381456851959,0.05184027925133705,0.846181055104838,0.0036833924241364002,0.0036833924241364002,1.0,False
C-U1-E4-CONV-01,64,1.0,fixed_variance,adam,4000,completed,,,False,False,True,1.0301326151320167,0.9996046048538051,nan,False,0.998296856880188,1.0300042629241943,0.7215111255645752,0.036616068333387375,0.19039438664913177,0.1903943419456482,0.1903943419456482,-1.6586579084396362,-1.6586579084396362,True,True,13.353229522705078,13.342655181884766,0.05545122176408768,0.002077144937419955,1.2002633810043335,6.304091930389404,0.0,1.0,1.221124529838562,6.413660049438477,1.179233431816101,6.193637371063232,stable_beneficial_extrapolation,beneficial_extrapolation,beneficial_extrapolation,True,-0.004758119583129883,0.003597259521484375,9.47117805480957e-05,0.03754858672618866,0.03179742395877838,0.8468341083154783,0.0030152115505188704,0.0034539864864200354,1.145520448084533,False
C-U1-E4-CONV-01,64,1.25,fixed_variance,adam,4000,completed,,,False,False,True,2.013697005876493,0.6391801859207819,nan,False,0.6380560398101807,2.0140726566314697,1.4103665351867676,0.7108731269836426,0.19039438664913177,0.1903943419456482,0.1903943419456482,-1.6586579084396362,-1.6586579084396362,True,True,30.72608184814453,30.706174850463867,0.03207661956548691,0.0005221462028142131,1.3077352046966553,6.868561744689941,0.373321533203125,0.626678466796875,1.9107717275619507,10.035863876342773,0.49046504497528076,2.5760483741760254,terminal_state_inconclusive,over_extrapolation,over_extrapolation,True,-0.004408836364746094,0.010702133178710938,-0.00577390193939209,0.031721413135528564,0.026589075103402138,0.8382058828779568,0.0025286157615482807,0.003299183677881956,1.3047390307580198,False
C-U1-E4-CONV-01,65,0.75,fixed_variance,adam,4000,completed,,,False,False,True,0.567859686860304,0.9218821060593873,nan,False,0.9182957410812378,0.5600274801254272,0.3927295506000519,0.3088799715042114,0.19039438664913177,0.1903943419456482,0.1903943419456482,-1.6586579084396362,-1.6586579084396362,True,True,6.915125370025635,6.985813140869141,0.0971418097615242,0.006988147576178609,1.2199218273162842,6.407342910766602,0.125457763671875,0.874542236328125,0.8924478888511658,4.6873650550842285,1.5077955722808838,7.9193291664123535,stable_beneficial_extrapolation,beneficial_extrapolation,beneficial_extrapolation,True,0.004376471042633057,-0.003834247589111328,-0.0012341737747192383,0.06472460180521011,0.053200237452983856,0.8219476979262221,0.003536331932991743,0.00397248100489378,1.1233337481227488,False
C-U1-E4-CONV-01,65,1.0,fixed_variance,adam,4000,completed,,,False,False,True,1.0301326151320167,0.9996046048538051,nan,False,0.9982738494873047,1.0256515741348267,0.7185180187225342,0.035890839993953705,0.19039438664913177,0.1903943419456482,0.1903943419456482,-1.6586579084396362,-1.6586579084396362,True,True,13.603270530700684,13.632622718811035,0.03617977723479271,0.0013283859245350805,1.2002428770065308,6.30398416519165,0.0,1.0,1.2184271812438965,6.399492263793945,1.1819210052490234,6.207752227783203,stable_beneficial_extrapolation,beneficial_extrapolation,beneficial_extrapolation,True,-0.004252314567565918,0.002379775047302246,0.00020313262939453125,0.04453475773334503,0.04089057818055153,0.9181722380839414,0.0031750358175486326,0.0034947246313095093,1.1006882542848604,False
C-U1-E4-CONV-01,65,1.25,fixed_variance,adam,4000,completed,,,False,False,True,2.013697005876493,0.6391801859207819,nan,False,0.6389322876930237,2.0122082233428955,1.4091683626174927,0.7097880244255066,0.19039438664913177,0.1903943419456482,0.1903943419456482,-1.6586579084396362,-1.6586579084396362,True,True,30.858226776123047,30.862356185913086,0.054780323058366776,0.0008875535587870396,1.3071539402008057,6.865508079528809,0.3734130859375,0.6265869140625,1.9088101387023926,10.02556037902832,0.49249470233917236,2.5867087841033936,stable_over_extrapolation,over_extrapolation,over_extrapolation,True,-0.005938053131103516,0.011039257049560547,-0.005842804908752441,0.04148799180984497,0.029851889237761497,0.7195308313447396,0.00268876226618886,0.003016241593286395,1.1217955678773026,False
C-U1-E4-CONV-01,66,0.75,fixed_variance,adam,4000,completed,,,False,False,True,0.567859686860304,0.9218821060593873,nan,False,0.9211677312850952,0.5680113434791565,0.3982083201408386,0.30323538184165955,0.19039438664913177,0.1903943419456482,0.1903943419456482,-1.6586579084396362,-1.6586579084396362,True,True,6.760651111602783,6.750698089599609,0.050137266516685486,0.0037107520329812804,1.2190978527069092,6.40301513671875,0.124847412109375,0.875152587890625,0.8987080454826355,4.720245361328125,1.501485824584961,7.8861894607543945,stable_beneficial_extrapolation,beneficial_extrapolation,beneficial_extrapolation,True,0.0008193850517272949,-0.0009861588478088379,-0.0002690553665161133,0.05138810724020004,0.04313342273235321,0.8393658581495811,0.003572124522179365,0.003717687213793397,1.0407496129292892,False
C-U1-E4-CONV-01,66,1.0,fixed_variance,adam,4000,completed,,,False,False,True,1.0301326151320167,0.9996046048538051,nan,False,0.9982948303222656,1.0309408903121948,0.7221340537071228,0.0358307771384716,0.19039438664913177,0.1903943419456482,0.1903943419456482,-1.6586579084396362,-1.6586579084396362,True,True,13.212890625,13.202681541442871,0.02065034583210945,0.000781748951035099,1.200258731842041,6.3040666580200195,0.0,1.0,1.2228854894638062,6.422908306121826,1.1774065494537354,6.1840410232543945,terminal_state_inconclusive,beneficial_extrapolation,beneficial_extrapolation,True,0.0016949176788330078,0.002797722816467285,0.00010925531387329102,0.03225235268473625,0.04130646958947182,1.2807273315295389,0.0030466257594525814,0.0033299780916422606,1.0930052965352042,False
C-U1-E4-CONV-01,66,1.25,fixed_variance,adam,4000,completed,,,False,False,True,2.013697005876493,0.6391801859207819,nan,False,0.6401088237762451,2.0107388496398926,1.407953143119812,0.7083763480186462,0.19039438664913177,0.1903943419456482,0.1903943419456482,-1.6586579084396362,-1.6586579084396362,True,True,31.025266647338867,31.036455154418945,0.030457574874162674,0.0004907626470862674,1.3070673942565918,6.865053176879883,0.374114990234375,0.625885009765625,1.9088225364685059,10.025626182556152,0.49208343029022217,2.5845484733581543,stable_over_extrapolation,over_extrapolation,over_extrapolation,True,5.984306335449219e-05,0.0010623931884765625,-0.0003885626792907715,0.0319996252655983,0.03590231388807297,1.1219604476640643,0.002640344901010394,0.0032423504162579775,1.2280026048934785,False
C-U1-E4-CONV-01,67,0.75,fixed_variance,adam,4000,completed,,,False,False,True,0.567859686860304,0.9218821060593873,nan,False,0.9205514192581177,0.566779613494873,0.397590309381485,0.3042803108692169,0.19039438664913177,0.1903943419456482,0.1903943419456482,-1.6586579084396362,-1.6586579084396362,True,True,6.805459499359131,6.8104166984558105,0.022404823452234268,0.001645492594580738,1.219403862953186,6.404622554779053,0.125213623046875,0.874786376953125,0.8964959383010864,4.708626747131348,1.5037486553192139,7.898074626922607,stable_beneficial_extrapolation,beneficial_extrapolation,beneficial_extrapolation,True,-0.006391465663909912,0.0034409761428833008,0.0012809038162231445,0.044174570590257645,0.027262616902589798,0.6171563534927118,0.003528439439833164,0.004308993462473154,1.2212179168581385,False
C-U1-E4-CONV-01,67,1.0,fixed_variance,adam,4000,completed,,,False,False,True,1.0301326151320167,0.9996046048538051,nan,False,0.9980751276016235,1.0320781469345093,0.7230834364891052,0.038749732077121735,0.19039438664913177,0.1903943419456482,0.1903943419456482,-1.6586579084396362,-1.6586579084396362,True,True,13.78794002532959,13.744728088378906,0.051359135657548904,0.0018653889788463824,1.2002781629562378,6.304169654846191,0.0,1.0,1.2223244905471802,6.419961929321289,1.1780439615249634,6.187390327453613,stable_beneficial_extrapolation,beneficial_extrapolation,beneficial_extrapolation,True,0.001458287239074707,0.002616405487060547,0.0001513957977294922,0.04050173982977867,0.04186439514160156,1.0336443648482727,0.0031174197793006897,0.0037476320285350084,1.2021582891783955,False
C-U1-E4-CONV-01,67,1.25,fixed_variance,adam,4000,completed,,,False,False,True,2.013697005876493,0.6391801859207819,nan,False,0.6417791843414307,2.007133722305298,1.4056164026260376,0.7062550783157349,0.19039438664913177,0.1903943419456482,0.1903943419456482,-1.6586579084396362,-1.6586579084396362,True,True,31.59600830078125,31.62809181213379,0.0830535888671875,0.0013136381335417456,1.306240439414978,6.8607096672058105,0.373779296875,0.626220703125,1.9058507680892944,10.010017395019531,0.49549299478530884,2.602456569671631,stable_over_extrapolation,over_extrapolation,over_extrapolation,True,0.002348184585571289,-0.0009279251098632812,0.0007635951042175293,0.03370347246527672,0.03420373797416687,1.0148431444090977,0.002816691529005766,0.002941986545920372,1.0444830453119702,False
C-U1-E4-CONV-01,68,0.75,fixed_variance,adam,4000,completed,,,False,False,True,0.567859686860304,0.9218821060593873,nan,False,0.9223591089248657,0.5714794993400574,0.4006788730621338,0.30085381865501404,0.19039438664913177,0.1903943419456482,0.1903943419456482,-1.6586579084396362,-1.6586579084396362,True,True,6.6504807472229,6.60280179977417,0.058528587222099304,0.00441615780955008,1.2189759016036987,6.402374744415283,0.12506103515625,0.87493896484375,0.8998029828071594,4.725996017456055,1.5004245042800903,7.880615234375,stable_beneficial_extrapolation,beneficial_extrapolation,beneficial_extrapolation,True,-0.01046454906463623,0.012089073657989502,0.0042983293533325195,0.05145827308297157,0.05640405789017677,1.0961125298400627,0.003892293432727456,0.00414526741951704,1.0649935548698641,False
C-U1-E4-CONV-01,68,1.0,fixed_variance,adam,4000,completed,,,False,False,True,1.0301326151320167,0.9996046048538051,nan,False,0.9986497163772583,1.022904634475708,0.7164682745933533,0.0317937396466732,0.19039438664913177,0.1903943419456482,0.1903943419456482,-1.6586579084396362,-1.6586579084396362,True,True,12.728723526000977,12.782828330993652,0.056958939880132675,0.0022326724849752225,1.2002012729644775,6.303765296936035,0.0,1.0,1.2155680656433105,6.384475231170654,1.1847314834594727,6.2225141525268555,terminal_state_inconclusive,beneficial_extrapolation,beneficial_extrapolation,True,0.001271963119506836,-0.01378941535949707,0.0006186366081237793,0.031017033383250237,0.04051490128040314,1.30621458151062,0.003101399401202798,0.0038009712006896734,1.225566497244942,False
C-U1-E4-CONV-01,68,1.25,fixed_variance,adam,4000,completed,,,False,False,True,2.013697005876493,0.6391801859207819,nan,False,0.641045331954956,2.0089478492736816,1.4067299365997314,0.707185685634613,0.19039438664913177,0.1903943419456482,0.1903943419456482,-1.6586579084396362,-1.6586579084396362,True,True,28.701284408569336,28.72201919555664,0.027809664607048035,0.00048429231447160017,1.3064465522766113,6.861793518066406,0.374053955078125,0.625946044921875,1.9066730737686157,10.014336585998535,0.49433213472366333,2.5963597297668457,terminal_state_inconclusive,over_extrapolation,over_extrapolation,True,-0.0012750625610351562,-0.004361152648925781,0.002727687358856201,0.02547268755733967,0.035969287157058716,1.4120727181256763,0.0026123085990548134,0.0028150922153145075,1.0776262101395928,False
C-U1-E4-CONV-01,69,0.75,fixed_variance,adam,4000,completed,,,False,False,True,0.567859686860304,0.9218821060593873,nan,False,0.918861985206604,0.5613260865211487,0.39359742403030396,0.30787307024002075,0.19039438664913177,0.1903943419456482,0.1903943419456482,-1.6586579084396362,-1.6586579084396362,True,True,6.505651473999023,6.5323309898376465,0.08334627002477646,0.006392574177480821,1.2196584939956665,6.4059600830078125,0.125152587890625,0.874847412109375,0.894343912601471,4.697323799133301,1.5058491230010986,7.909106254577637,terminal_state_inconclusive,beneficial_extrapolation,beneficial_extrapolation,True,-7.367134094238281e-05,-0.0017914175987243652,-0.0005943775177001953,0.041655901819467545,0.05474970489740372,1.3143324836582193,0.0032643238082528114,0.003554614493623376,1.0889282750187517,False
C-U1-E4-CONV-01,69,1.0,fixed_variance,adam,4000,completed,,,False,False,True,1.0301326151320167,0.9996046048538051,nan,False,0.9984937310218811,1.025925636291504,0.718673586845398,0.03359115496277809,0.19039438664913177,0.1903943419456482,0.1903943419456482,-1.6586579084396362,-1.6586579084396362,True,True,12.909688949584961,12.91293716430664,0.015597950667142868,0.0006040419978334873,1.200222373008728,6.3038763999938965,0.0,1.0,1.219559669494629,6.405440807342529,1.1807154417037964,6.201420783996582,stable_beneficial_extrapolation,beneficial_extrapolation,beneficial_extrapolation,True,-0.005500078201293945,0.0019341707229614258,0.00015997886657714844,0.0247192420065403,0.02875620499253273,1.163312571838745,0.003001393284648657,0.003562966827303171,1.1871042843757986,False
C-U1-E4-CONV-01,69,1.25,fixed_variance,adam,4000,completed,,,False,False,True,2.013697005876493,0.6391801859207819,nan,False,0.6417216062545776,2.0076842308044434,1.405869960784912,0.7063570618629456,0.19039438664913177,0.1903943419456482,0.1903943419456482,-1.6586579084396362,-1.6586579084396362,True,True,30.264802932739258,30.291494369506836,0.030180981382727623,0.0004983954225617371,1.3063452243804932,6.861260890960693,0.374176025390625,0.625823974609375,1.9064664840698242,10.013252258300781,0.4944496750831604,2.5969765186309814,terminal_state_inconclusive,over_extrapolation,over_extrapolation,True,-0.007848262786865234,0.0006680488586425781,-0.00011664628982543945,0.03598368912935257,0.030180981382727623,0.8387406103424907,0.0025302316062152386,0.0035277223214507103,1.3942290155514794,False
