seed,method,terminal_class,terminal_step,support_boundary_onset,support_boundary_reason,nonfinite_onset,terminal_beta,terminal_tau,terminal_entropy,terminal_effective_support,terminal_task_reward,terminal_near_anchor_probability,terminal_far_anchor_probability,terminal_far_anchor_surprisal,terminal_raw_gradient_norm,terminal_adam_parameter_update_norm,w1_beta_slope,w2_beta_slope,w1_tau_slope,w2_tau_slope,w1_reward_slope,w2_reward_slope,w2_beta_change,w2_tau_change,w2_reward_change,w2_raw_gradient_median,stable_gate_pass,near_negative_mass,far_negative_mass,positive_only_reward_reference,task_collapse_threshold,task_collapse,support_collapse,nan_inf_numerical_failure,historical_task_class_matches,historical_support_class_matches,historical_joint_class_matches
10,positive_only,stable_bounded,20000,,,,-0.013517032332598152,1.195455579478527,2.980950110661052,19.706531138261504,0.27278310452394317,0.07165180757897965,0.008972231685456855,4.713620839490305,1.7599435795673083e-05,3.7765446240440455e-05,2.01528104054749e-09,-9.7786032184103e-10,-1.6605923245423553e-08,-1.5328234254271058e-09,2.300587871914272e-09,6.944488493731318e-11,2.580640301626247e-06,8.884753526672284e-06,7.83022628958463e-07,1.4448763082653919e-05,True,0.0,0.0,0.27278310452394317,0.05455662090478863,False,False,False,True,True,True
10,baseline,support_boundary,416,416,effective_support_boundary,,2.248166099398108,0.09568228946852973,0.3830689936057523,1.4667792249650309,0.000691269040497824,3.7002861891864627e-193,0.0,690.7755278982137,619.8375254376964,0.012526442359175619,,,,,,,nan,nan,nan,nan,False,0.25,0.45,0.27278310452394317,0.05455662090478863,True,True,False,True,True,True
10,near_zero,support_boundary,437,437,effective_support_boundary,,1.9813231818290415,0.08774367180339358,0.4051542292483572,1.4995337541870277,0.006103476884789371,1.2614464581824524e-188,0.0,690.7755278982137,490.4379640788506,0.009496736171034532,,,,,,,nan,nan,nan,nan,False,0.0,0.45,0.27278310452394317,0.05455662090478863,True,True,False,True,True,True
10,far_zero,stable_bounded,20000,,,,0.17703912003975505,1.3985248667477093,3.0774760280761115,21.703554046405195,0.2648479053666084,0.060278871589782464,0.010955053108646301,4.513954458055422,0.0,0.0,0.0,0.0,0.0,0.0,0.0,0.0,0.0,0.0,0.0,0.0,True,0.25,0.0,0.27278310452394317,0.05455662090478863,False,False,False,True,True,True
10,far_cap,stable_bounded,20000,,,,0.28744856895565735,1.252942920395695,3.00743674072517,20.235464649444907,0.2939387078164765,0.06036985281799247,0.006302817720139028,5.0667584884093975,0.0,0.0,0.0,0.0,0.0,0.0,0.0,0.0,0.0,0.0,0.0,0.0,True,0.25,0.03,0.27278310452394317,0.05455662090478863,False,False,False,True,True,True
10,global_scale,support_boundary,582,582,temperature_boundary,,0.7126097220343519,0.04954189994845508,0.6318966079691378,1.8811750495848352,0.9598717009027341,3.2856463137671898e-152,0.0,690.7755278982137,71.92582167498634,0.010658295369402415,,,,,,,nan,nan,nan,nan,False,0.1,0.18,0.27278310452394317,0.05455662090478863,False,True,False,True,True,True
11,positive_only,stable_bounded,20000,,,,0.011745815797305395,1.1899909258674977,2.977615917438066,19.640935171274382,0.2765497553282373,0.07111439622690888,0.008442065652701487,4.77452825473884,3.070520998826217e-06,6.8024347201134415e-06,2.5248230843101433e-09,-1.2022148784837248e-08,2.6286250311188117e-09,-4.230683991376197e-09,-3.826267842485633e-11,-9.023123153840729e-10,6.559859342824409e-05,6.390529729127792e-05,4.0061569445137835e-07,1.7830346495810075e-05,True,0.0,0.0,0.2765497553282373,0.055309951065647456,False,False,False,True,True,True
11,baseline,support_boundary,415,415,effective_support_boundary,,2.244454662449218,0.09622153642983862,0.40259646256241466,1.4957031976294435,0.0007257233867122469,1.6416811432244245e-190,0.0,690.7755278982137,624.5883297438609,0.012538566514718893,,,,,,,nan,nan,nan,nan,False,0.25,0.45,0.2765497553282373,0.055309951065647456,True,True,False,True,True,True
11,near_zero,support_boundary,432,432,effective_support_boundary,,1.9914855705237262,0.0914071127958622,0.39340376281805917,1.4820166517628,0.005796310176510633,2.9304372335585875e-175,0.0,690.7755278982137,461.7990845839896,0.009718909008937782,,,,,,,nan,nan,nan,nan,False,0.0,0.45,0.2765497553282373,0.055309951065647456,True,True,False,True,True,True
11,far_zero,stable_bounded,20000,,,,0.21725970603394348,1.3815758643501905,3.069589037651072,21.53305158293609,0.2697491936884064,0.059700417387167234,0.009990214342344457,4.606149230861709,0.0,0.0,0.0,0.0,0.0,0.0,0.0,0.0,0.0,0.0,0.0,0.0,True,0.25,0.0,0.2765497553282373,0.055309951065647456,False,False,False,True,True,True
11,far_cap,stable_bounded,20000,,,,0.32557640558162343,1.2332546392169386,2.995026341040399,19.98588633196286,0.300180333299127,0.05942393277167055,0.005497823990982106,5.203402903032329,0.00016014108543674756,0.0006853288185155416,-1.796092318703624e-09,-1.4543687630887519e-08,1.4516443937646889e-08,1.7937461406268092e-08,-2.7342548564036663e-09,-4.269414954695273e-09,0.00013777271894976906,0.0001699103784136291,4.0443664413969405e-05,1.6602495762641405e-08,True,0.25,0.03,0.2765497553282373,0.055309951065647456,False,False,False,True,True,True
11,global_scale,support_boundary,569,569,temperature_boundary,,0.7185467107699564,0.049986544906398415,0.6907174008967557,1.9951463397240676,0.9559086800058513,7.217002327932186e-151,0.0,690.7755278982137,86.8121115146546,0.010567869533428703,,,,,,,nan,nan,nan,nan,False,0.1,0.18,0.2765497553282373,0.055309951065647456,False,True,False,True,True,True
12,positive_only,stable_bounded,20000,,,,0.05500040847049877,1.215381500150271,2.992579081820409,19.937035487088508,0.2781583235791576,0.06883306911825673,0.008436009575450027,4.7752458812963114,1.2612958577621205e-07,2.5150242138222504e-07,-1.635302137858882e-09,-4.716159490864328e-09,-3.0032230923878155e-09,5.09506599275933e-09,2.2960804327817746e-10,-1.2162838564291737e-09,1.1660725204171163e-07,8.639490034489938e-08,2.4664351783165728e-08,1.5600095233600503e-07,True,0.0,0.0,0.2781583235791576,0.05563166471583152,False,False,False,True,True,True
12,baseline,support_boundary,415,415,effective_support_boundary,,2.251943968638658,0.0953395114285383,0.36701634900222396,1.4434215174238714,0.0006612185360610278,4.637095232666003e-195,0.0,690.7755278982137,647.3177783073179,0.01257887835606706,,,,,,,nan,nan,nan,nan,False,0.25,0.45,0.2781583235791576,0.05563166471583152,True,True,False,True,True,True
12,near_zero,support_boundary,426,426,effective_support_boundary,,2.005674692499973,0.09548504350074775,0.3884135279691434,1.4746394628821824,0.005396628680851232,1.8742686195317754e-162,0.0,690.7755278982137,433.36277186895336,0.010098292155959344,,,,,,,nan,nan,nan,nan,False,0.0,0.45,0.2781583235791576,0.05563166471583152,True,True,False,True,True,True
12,far_zero,stable_bounded,20000,,,,0.27894962804032486,1.4160538010763182,3.0803488208619307,21.7659935047667,0.2691178167990324,0.057516512391996955,0.009887446266310693,4.616489380410267,8.608422351983648e-07,1.842811160569862e-06,9.325952537352863e-10,9.975306520221046e-09,-4.74537029955981e-10,-1.4133978168540821e-08,1.1616305940040134e-10,2.420362051476543e-09,9.261558962525562e-07,1.3114949835024703e-06,2.2477615130300777e-07,1.365630184878091e-08,True,0.25,0.0,0.2781583235791576,0.05563166471583152,False,False,False,True,True,True
12,far_cap,stable_bounded,20000,,,,0.38523258793654047,1.2598074310028344,3.005990423787218,20.206218908578375,0.29940445983209335,0.05697478923600043,0.005416113892299369,5.218376714734447,3.877948277958005e-09,8.591888978466543e-09,1.9972517009417257e-09,-5.040551544949629e-10,5.260253450133573e-09,6.344936268220828e-10,-8.161893918469155e-10,-1.4386096575772235e-10,3.7195946878121333e-09,4.685770882417728e-09,1.0624964796868142e-09,3.8818540406497284e-09,True,0.25,0.03,0.2781583235791576,0.05563166471583152,False,False,False,True,True,True
12,global_scale,support_boundary,565,565,temperature_boundary,,0.727798445250903,0.04959459752964003,0.6256896330801011,1.8695348060114598,0.949709893871828,1.9708918700365383e-155,0.0,690.7755278982137,88.80654887438776,0.010529449459349693,,,,,,,nan,nan,nan,nan,False,0.1,0.18,0.2781583235791576,0.05563166471583152,False,True,False,True,True,True
13,positive_only,stable_bounded,20000,,,,0.01074916420049806,1.1750214989014935,2.9682709150290805,19.4582455318521,0.27839171037618177,0.07174942036157814,0.008075694567761981,4.818896398988932,1.6104419730950247e-07,2.934447832086464e-07,-3.132144123928902e-09,5.813231634507433e-09,-8.55885717062778e-09,-2.705708004554311e-09,7.401561455686008e-10,1.082059740730625e-09,1.2070188724951775e-06,7.040842822325644e-06,1.0802802995479865e-06,1.4864518039798393e-05,True,0.0,0.0,0.27839171037618177,0.05567834207523636,False,False,False,True,True,True
13,baseline,support_boundary,416,416,effective_support_boundary,,2.2513259745935152,0.09552822072239334,0.371447143952496,1.44983121172874,0.0006674782612951041,3.2877709214457964e-194,0.0,690.7755278982137,634.2469415168753,0.01254562504631462,,,,,,,nan,nan,nan,nan,False,0.25,0.45,0.27839171037618177,0.05567834207523636,True,True,False,True,True,True
13,near_zero,support_boundary,432,432,effective_support_boundary,,1.9898499181047689,0.0915369949171993,0.4030997716053339,1.4964561880518823,0.005900907120323287,1.52398552781414e-174,0.0,690.7755278982137,462.72762943372715,0.009711695242933352,,,,,,,nan,nan,nan,nan,False,0.0,0.45,0.27839171037618177,0.05567834207523636,True,True,False,True,True,True
13,far_zero,stable_bounded,20000,,,,0.20797491185239328,1.3625489797209813,3.062163056426907,21.373739801437285,0.27162837173336196,0.060353172967240264,0.009696894277412974,4.635949622326878,0.0,0.0,0.0,0.0,0.0,0.0,0.0,0.0,0.0,0.0,0.0,0.0,True,0.25,0.0,0.27839171037618177,0.05567834207523636,False,False,False,True,True,True
13,far_cap,stable_bounded,20000,,,,0.3163895614367194,1.215943325775078,2.9857446445452602,19.801241634455543,0.30263477235101605,0.06004256058080085,0.005250791681961956,5.249376417183082,7.246435965200001e-07,1.2016649197754233e-06,-1.0187973392404753e-09,-2.340366890952432e-09,1.563743130360527e-08,2.8468642591218744e-09,-2.94083270426446e-09,-6.986905577743941e-10,9.700239166354763e-06,1.178803514889637e-05,2.8949562003166562e-06,3.2285262230186086e-09,True,0.25,0.03,0.27839171037618177,0.05567834207523636,False,False,False,True,True,True
13,global_scale,support_boundary,566,566,temperature_boundary,,0.7179399864961235,0.04971731133497186,0.6881712500491524,1.9900728578460778,0.9563382699737085,2.348095447753043e-152,0.0,690.7755278982137,96.01597647703429,0.010553397242984198,,,,,,,nan,nan,nan,nan,False,0.1,0.18,0.27839171037618177,0.05567834207523636,False,True,False,True,True,True
14,positive_only,stable_bounded,20000,,,,0.025839007365212056,1.1909627789759962,2.978174606311006,19.651911409074163,0.278113061891503,0.07064084313247908,0.008256040495039292,4.796810165332564,6.7967823949437855e-06,1.4865205082021019e-05,-1.1222892293818013e-09,1.1366612736082757e-09,2.8256769390270207e-09,-3.6539925602120427e-09,-5.112434902130324e-10,6.239269536090923e-10,6.5203247025143185e-06,4.229598187466266e-06,1.341793438303096e-06,4.682996366550538e-06,True,0.0,0.0,0.278113061891503,0.0556226123783006,False,False,False,True,True,True
14,baseline,support_boundary,415,415,effective_support_boundary,,2.246327598356098,0.09600814108305103,0.39345158153387216,1.4820875215903393,0.0007087171790110811,1.315285531864742e-191,0.0,690.7755278982137,630.2385864259638,0.012548714928188659,,,,,,,nan,nan,nan,nan,False,0.25,0.45,0.278113061891503,0.0556226123783006,True,True,False,True,True,True
14,near_zero,support_boundary,430,430,effective_support_boundary,,1.9965671241736667,0.09280616411041887,0.3877117548762278,1.47360496361971,0.005635073921072104,1.033038195287515e-170,0.0,690.7755278982137,452.05522553290785,0.009837743062684904,,,,,,,nan,nan,nan,nan,False,0.0,0.45,0.278113061891503,0.0556226123783006,True,True,False,True,True,True
14,far_zero,stable_bounded,20000,,,,0.23334919268631446,1.3837738407789153,3.0698818393342227,21.539357419817712,0.2705303909872996,0.05925692764421082,0.009812838096190515,4.624063740804465,4.659402486323476e-06,1.1548582076525343e-05,-4.12985766154965e-10,1.6379200976519741e-09,7.750784518209252e-10,-2.2675537222515498e-09,-1.296570441054425e-10,4.072226709595051e-10,4.85065181823896e-06,6.712608362047234e-06,1.206647283480411e-06,2.23424512579852e-09,True,0.25,0.0,0.278113061891503,0.0556226123783006,False,False,False,True,True,True
14,far_cap,stable_bounded,20000,,,,0.34114869987888247,1.2339177513944197,2.9946100841442593,19.97756880018679,0.3011704523783745,0.05886587116925669,0.005353964154815203,5.2299180289353,7.688767477824849e-12,1.7971750094837488e-11,4.484733746919658e-09,-3.772298587694264e-09,-5.294306525347519e-09,4.6547119407859766e-09,1.2733141082666731e-09,-1.107319245013924e-09,3.6440151470418236e-05,4.499266813029479e-05,1.0699139907754951e-05,5.011639133856897e-09,True,0.25,0.03,0.278113061891503,0.0556226123783006,False,False,False,True,True,True
14,global_scale,support_boundary,566,566,temperature_boundary,,0.7212615340984937,0.04997661947832662,0.691313746576952,1.996336491460774,0.9540436140328264,1.499622813098603e-151,0.0,690.7755278982137,90.55536568293621,0.010544650728051826,,,,,,,nan,nan,nan,nan,False,0.1,0.18,0.278113061891503,0.0556226123783006,False,True,False,True,True,True
15,positive_only,stable_bounded,20000,,,,0.014846743685643513,1.2048041005548507,2.9865655768743604,19.817503788020097,0.2749964849662504,0.07043604447755042,0.008772499389594294,4.736133520088634,6.133251501808114e-07,1.3202805263378344e-06,-1.4952105019490785e-08,-5.992345064694911e-09,-9.008750993584758e-09,1.3692552978430005e-08,-5.86690562240429e-10,-2.469265500630597e-09,5.043804705302107e-07,3.6663339120224236e-07,1.0642182340925288e-07,4.279911029703035e-06,True,0.0,0.0,0.2749964849662504,0.05499929699325008,False,False,False,True,True,True
15,baseline,support_boundary,415,415,effective_support_boundary,,2.2446738842143104,0.09600170545166492,0.39886030119129606,1.490125435318129,0.0007212863094048706,2.0719685473936726e-191,0.0,690.7755278982137,620.2150449105063,0.012538051322284863,,,,,,,nan,nan,nan,nan,False,0.25,0.45,0.2749964849662504,0.05499929699325008,True,True,False,True,True,True
15,near_zero,support_boundary,432,432,effective_support_boundary,,1.9913338075747253,0.09124333888430855,0.3921058317976865,1.4800943441589671,0.005791317915451628,7.263374555941283e-176,0.0,690.7755278982137,458.20307117423334,0.009713671447622732,,,,,,,nan,nan,nan,nan,False,0.0,0.45,0.2749964849662504,0.05499929699325008,True,True,False,True,True,True
15,far_zero,stable_bounded,20000,,,,0.2181337821660119,1.4084905583694105,3.079950534694428,21.757326136792763,0.26635061373159463,0.05910331048738139,0.01057379140438994,4.549376848582118,0.0,0.0,0.0,0.0,0.0,0.0,0.0,0.0,0.0,0.0,0.0,0.0,True,0.25,0.0,0.2749964849662504,0.05499929699325008,False,False,False,True,True,True
15,far_cap,stable_bounded,20000,,,,0.32686452105348807,1.259701072242202,3.009129225319789,20.269741860272426,0.295626069900127,0.058940454641789757,0.006010585929969845,5.114233042679645,0.0,0.0,0.0,0.0,0.0,0.0,0.0,0.0,0.0,0.0,0.0,0.0,True,0.25,0.03,0.2749964849662504,0.05499929699325008,False,False,False,True,True,True
15,global_scale,support_boundary,577,577,temperature_boundary,,0.7185106609481653,0.049848810028512526,0.690567428486071,1.9948471452538492,0.9559389935915479,1.0900217208373485e-151,0.0,690.7755278982137,73.59957276386582,0.010619597859810068,,,,,,,nan,nan,nan,nan,False,0.1,0.18,0.2749964849662504,0.05499929699325008,False,True,False,True,True,True
16,positive_only,stable_bounded,20000,,,,-0.011952919798994637,1.1935015241566282,2.979764117830299,19.683173187531473,0.2732168550051454,0.07168641773200826,0.008896875715264744,4.722055107102821,3.515903068888936e-08,5.864055604323638e-08,-9.36860383348404e-09,-6.452947552214097e-09,-1.8312507525953407e-08,-1.3101634242014793e-08,1.1266975646849607e-09,8.365881766662322e-10,2.0131891693541543e-06,3.2785240025035023e-06,6.542142068632906e-07,2.140237670552559e-05,True,0.0,0.0,0.2732168550051454,0.05464337100102909,False,False,False,True,True,True
16,baseline,support_boundary,416,416,effective_support_boundary,,2.248408320175482,0.09565713879466307,0.3819633960481939,1.4651584535619797,0.0006892313688544108,2.7177356025769967e-193,0.0,690.7755278982137,620.576311457201,0.012527793171084768,,,,,,,nan,nan,nan,nan,False,0.25,0.45,0.2732168550051454,0.05464337100102909,True,True,False,True,True,True
16,near_zero,support_boundary,437,437,effective_support_boundary,,1.9818573786773088,0.08772624632200648,0.4017282678458151,1.4944051995547276,0.006066086836510478,8.863337562196702e-189,0.0,690.7755278982137,490.6203128528795,0.009498721221025947,,,,,,,nan,nan,nan,nan,False,0.0,0.45,0.2732168550051454,0.05464337100102909,True,True,False,True,True,True
16,far_zero,stable_bounded,20000,,,,0.17994675052799794,1.3946192206858123,3.0758909240090384,21.66917890590126,0.2655326905778592,0.06030173818107485,0.010823780975122621,4.526009623432701,2.6893348752069737e-07,4.031622298212122e-06,-5.730708669237339e-10,1.0447437173578714e-08,7.93270845921496e-10,-1.4576376038148564e-08,-1.3827227705525568e-10,2.5347915280592243e-09,7.110818721983714e-06,9.915820190720126e-06,1.7256954977784567e-06,2.1027455805401015e-09,True,0.25,0.0,0.2732168550051454,0.05464337100102909,False,False,False,True,True,True
16,far_cap,stable_bounded,20000,,,,0.2900947851631588,1.2492375185066527,3.00534987709989,20.193280026414516,0.2947661752480145,0.06035302214101568,0.0061968341152790485,5.08371674391313,5.210495771745218e-08,4.776725515528704e-06,-7.166259773410052e-10,4.889950481267827e-09,3.900039294775547e-09,-6.110252131857821e-09,-7.185713602265061e-10,1.4086148708553146e-09,4.583448204309448e-08,5.761157795269867e-08,1.3259553177658034e-08,1.934255247515006e-08,True,0.25,0.03,0.2732168550051454,0.05464337100102909,False,False,False,True,True,True
16,global_scale,support_boundary,581,581,temperature_boundary,,0.712970916102679,0.049504601370853524,0.6372488123604092,1.891270475237198,0.9596543789713856,1.6098890810865828e-152,0.0,690.7755278982137,73.40544251535779,0.010653432977380424,,,,,,,nan,nan,nan,nan,False,0.1,0.18,0.2732168550051454,0.05464337100102909,False,True,False,True,True,True
17,positive_only,stable_bounded,20000,,,,0.01805193951413982,1.20241674169034,2.9851340826716335,19.789155441322897,0.2756817806122237,0.07043314740968551,0.008662853712415139,4.7487110826977075,4.1056430231007555e-08,6.424716886481466e-08,4.10962020400202e-09,-2.4508996775081417e-09,-1.2895738416350386e-09,1.0903554839837288e-08,6.497309875819553e-10,-1.7070643634621844e-09,1.924818809517087e-06,3.501025440444394e-06,2.300249832276613e-07,3.6908495166254677e-06,True,0.0,0.0,0.2756817806122237,0.055136356122444746,False,False,False,True,True,True
17,baseline,support_boundary,415,415,effective_support_boundary,,2.2452988411684527,0.09601897792846739,0.3969927356399915,1.4873451254016143,0.0007166698115967401,1.9985224612729783e-191,0.0,690.7755278982137,624.3520303516842,0.012542215233207858,,,,,,,nan,nan,nan,nan,False,0.25,0.45,0.2756817806122237,0.055136356122444746,True,True,False,True,True,True
17,near_zero,support_boundary,431,431,effective_support_boundary,,1.993494344798742,0.09203504348956115,0.39169225326069607,1.4794823354710545,0.0057364794454548155,3.704630215163473e-173,0.0,690.7755278982137,454.6933590191876,0.009770979122477607,,,,,,,nan,nan,nan,nan,False,0.0,0.45,0.2756817806122237,0.055136356122444746,True,True,False,True,True,True
17,far_zero,stable_bounded,20000,,,,0.22242655042929374,1.4042985492541737,3.078222704600117,21.71976563235126,0.2671576697427225,0.05909077517084733,0.01041968978930116,4.564058013800537,0.0,0.0,0.0,0.0,0.0,0.0,0.0,0.0,0.0,0.0,0.0,0.0,True,0.25,0.0,0.2756817806122237,0.055136356122444746,False,False,False,True,True,True
17,far_cap,stable_bounded,20000,,,,0.3310425182387968,1.2545262679559597,3.006209946458194,20.210655118630044,0.29680983585423154,0.05888601215707036,0.005862803860208251,5.139127315387341,2.9812146436432477e-12,9.049279512271694e-12,9.41543790341172e-09,-1.3176878578131676e-08,-1.0543390171829548e-08,1.6536923556385443e-08,2.486643327697283e-09,-3.787069860184849e-09,1.1594614157672822e-11,1.4560574967958928e-11,3.3338332094956513e-12,1.1204642612055906e-08,True,0.25,0.03,0.2756817806122237,0.055136356122444746,False,False,False,True,True,True
17,global_scale,support_boundary,573,573,temperature_boundary,,0.7194543240576119,0.049888118075174,0.6928011928830383,1.999308144339854,0.9552873900306598,1.1438547154936808e-151,0.0,690.7755278982137,79.17367703029807,0.010593484299743832,,,,,,,nan,nan,nan,nan,False,0.1,0.18,0.2756817806122237,0.055136356122444746,False,True,False,True,True,True
18,positive_only,stable_bounded,20000,,,,0.014424742711806658,1.2094750370062302,2.98933090759062,19.872381582619102,0.2743457318309797,0.0702668669095708,0.008898025246595956,4.721925909268534,3.5202970955905587e-06,1.1778489408541286e-05,1.833724359148998e-08,6.7462918373191624e-09,-2.9331038647545407e-08,1.1464499588074524e-09,5.89452083787203e-09,6.362400106502307e-10,9.209788543046438e-06,1.8344033299477758e-05,3.4251013510955275e-06,1.0991873654507068e-05,True,0.0,0.0,0.2743457318309797,0.05486914636619594,False,False,False,True,True,True
18,baseline,support_boundary,415,415,effective_support_boundary,,2.245143208197524,0.09599834092134488,0.39723132437697084,1.4877000315331557,0.0007176129112595788,1.7368597176864013e-191,0.0,690.7755278982137,622.8963397474108,0.012541034865250789,,,,,,,nan,nan,nan,nan,False,0.25,0.45,0.2743457318309797,0.05486914636619594,True,True,False,True,True,True
18,near_zero,support_boundary,431,431,effective_support_boundary,,1.9908697351929514,0.09205922559021443,0.4045089365851553,1.4985664281949764,0.005885343328937193,1.0253593449007574e-172,0.0,690.7755278982137,452.22980921305,0.009753762014471676,,,,,,,nan,nan,nan,nan,False,0.0,0.45,0.2743457318309797,0.05486914636619594,True,True,False,True,True,True
18,far_zero,stable_bounded,20000,,,,0.21967800488964617,1.4152757628885289,3.082416838425978,21.811052537009893,0.2655994861009899,0.05892497364917487,0.010701005258320954,4.537417592551453,4.876264553395967e-10,1.529226368109002e-09,-1.1099072270550088e-08,6.5867210617481725e-09,1.6432806534707306e-08,-9.325686914363498e-09,-2.754496182868885e-09,1.581866528734409e-09,0.00023988251997097976,0.0003396303860860872,5.7608010283427546e-05,9.738913349847652e-09,True,0.25,0.0,0.2743457318309797,0.05486914636619594,False,False,False,True,True,True
18,far_cap,stable_bounded,20000,,,,0.3286660052386742,1.2650295604416661,3.0117959977378717,20.323868788809342,0.29483610979491953,0.058792391317979885,0.006098469341168165,5.099717466967839,5.660839275402917e-10,2.2905022938163905e-09,1.6113674191212261e-09,7.069420344276802e-10,-5.301806568336594e-09,-8.940939202271526e-10,1.015243159097972e-09,2.005083373158047e-10,2.2367180330107317e-10,2.8379631977770714e-10,6.37220276544781e-11,1.313583886156804e-08,True,0.25,0.03,0.2743457318309797,0.05486914636619594,False,False,False,True,True,True
18,global_scale,support_boundary,577,577,temperature_boundary,,0.7187944266817311,0.04978267114266476,0.69144632660758,1.996601183359998,0.955745765297119,3.729001416384607e-152,0.0,690.7755278982137,73.76893779138994,0.010620509201924984,,,,,,,nan,nan,nan,nan,False,0.1,0.18,0.2743457318309797,0.05486914636619594,False,True,False,True,True,True
19,positive_only,stable_bounded,20000,,,,-0.03154750222567654,1.2066671744831468,2.987615210445554,19.8383158258893,0.26923042826074695,0.07170393598095301,0.009555024147668014,4.6506881740646255,2.2217116411917402e-09,4.739432890360609e-09,-8.031179626759707e-09,2.275127460132763e-09,-1.2228555475968792e-08,-8.786773983919834e-09,4.693578098450767e-10,1.3140013071740494e-09,7.482140844949914e-07,2.859341712291297e-07,1.2464079851559617e-07,1.6665812744276844e-07,True,0.0,0.0,0.26923042826074695,0.05384608565214939,False,False,False,True,True,True
19,baseline,support_boundary,416,416,effective_support_boundary,,2.245322953786935,0.0958096806858732,0.39404672518898565,1.4829698391019284,0.0007139126982156195,2.9115054405331382e-192,0.0,690.7755278982137,607.139458279914,0.012509073076321826,,,,,,,nan,nan,nan,nan,False,0.25,0.45,0.26923042826074695,0.05384608565214939,True,True,False,True,True,True
19,near_zero,support_boundary,445,445,effective_support_boundary,,1.9721434004444125,0.08172680348567014,0.3999349020700299,1.49172758610249,0.006198635098593397,9.987959731153862e-216,0.0,690.7755278982137,552.1618503780248,0.00936325810160345,,,,,,,nan,nan,nan,nan,False,0.0,0.45,0.26923042826074695,0.05384608565214939,True,True,False,True,True,True
19,far_zero,stable_bounded,20000,,,,0.15261775080503653,1.4201212850351272,3.0861837329626907,21.89336741004042,0.26057372536358303,0.060321380278643436,0.011813278260993158,4.438531103804045,6.062723533205571e-07,1.7901395420937283e-06,-1.8138201052227277e-09,-4.741720646431078e-09,2.540271488937561e-09,6.735418499363666e-09,-4.2076642548539003e-10,-1.111851637763975e-09,6.858868470127621e-07,9.74367103667717e-07,1.608485624693401e-07,4.448061405976784e-09,True,0.25,0.0,0.26923042826074695,0.05384608565214939,False,False,False,True,True,True
19,far_cap,stable_bounded,20000,,,,0.2644797850560733,1.2760041148235377,3.0203331068070853,20.498118609923505,0.28842115187297346,0.06064670590027677,0.007053974092174968,4.95416411995997,1.3024408214156146e-08,1.9596202497969386e-08,-3.414544210175541e-09,-7.0414363504463625e-09,-1.4324612110058415e-09,8.990457646799464e-09,-2.6930357170719015e-11,-1.965331775450855e-09,4.6968706899519486e-05,5.9949903134626226e-05,1.3118976349424383e-05,1.617072502189345e-08,True,0.25,0.03,0.26923042826074695,0.05384608565214939,False,False,False,True,True,True
19,global_scale,support_boundary,599,599,temperature_boundary,,0.7075168764337146,0.04976900151760353,0.5390154821555132,1.7143182541765278,0.9626510261970769,1.0577613357128165e-149,0.0,690.7755278982137,53.267208277549436,0.010731008644452074,,,,,,,nan,nan,nan,nan,False,0.1,0.18,0.26923042826074695,0.05384608565214939,False,True,False,True,True,True
20,positive_only,stable_bounded,20000,,,,0.01282552010352654,1.177891294389578,2.9700827364057605,19.49353235411585,0.27827041639206146,0.07156719941517413,0.008117914694419482,4.813681968822234,2.1305128166976442e-05,2.7412336009073736e-05,-1.3453182595524607e-08,-1.5927024396900487e-08,6.839353511493897e-10,1.5672073059746246e-08,-1.7552911448309852e-09,-4.0433345170019614e-09,5.574880106695365e-06,4.042924209635146e-06,1.2243134125400346e-06,1.0578781307994885e-05,True,0.0,0.0,0.27827041639206146,0.05565408327841229,False,False,False,True,True,True
20,baseline,support_boundary,416,416,effective_support_boundary,,2.2518197973830096,0.09546524529917433,0.3691527433409475,1.4465085313474817,0.000663461377457665,1.5643786417153928e-194,0.0,690.7755278982137,635.5238663326091,0.012548278918320036,,,,,,,nan,nan,nan,nan,False,0.25,0.45,0.27827041639206146,0.05565408327841229,True,True,False,True,True,True
20,near_zero,support_boundary,432,432,effective_support_boundary,,1.9916728751868717,0.09147533673586403,0.39334113503340384,1.4819238392494292,0.005791412885349033,5.029247485643373e-175,0.0,690.7755278982137,463.46537475160335,0.009721906964638474,,,,,,,nan,nan,nan,nan,False,0.0,0.45,0.27827041639206146,0.05565408327841229,True,True,False,True,True,True
20,far_zero,stable_bounded,20000,,,,0.21171919743349518,1.366127889287355,3.063519373698089,21.402749042299813,0.2714124270880565,0.060178237628924346,0.009724206510330367,4.633136985574584,0.0,0.0,0.0,0.0,0.0,0.0,0.0,0.0,0.0,0.0,0.0,0.0,True,0.25,0.0,0.27827041639206146,0.05565408327841229,False,False,False,True,True,True
20,far_cap,stable_bounded,20000,,,,0.320052868563429,1.2190251397598852,2.9873294483459527,19.832647597027407,0.3023480427499458,0.05985801092701532,0.005274437666399565,5.244883208828716,0.0,0.0,0.0,0.0,0.0,0.0,0.0,0.0,0.0,0.0,0.0,0.0,True,0.25,0.03,0.27827041639206146,0.05565408327841229,False,False,False,True,True,True
20,global_scale,support_boundary,566,566,temperature_boundary,,0.7183994515218709,0.049837659578692815,0.690166315196858,1.9940471460098295,0.9560159784963153,9.897013839311416e-152,0.0,690.7755278982137,94.55862486911515,0.01055094338185477,,,,,,,nan,nan,nan,nan,False,0.1,0.18,0.27827041639206146,0.05565408327841229,False,True,False,True,True,True
21,positive_only,stable_bounded,20000,,,,0.018591523841422854,1.2077092265948608,2.988279130718496,19.851491259181802,0.27505721875682326,0.0702119232033126,0.008789122451882004,4.73424040709459,1.1930096426209388e-05,2.3036382969473175e-05,-1.8196869473661215e-09,-1.0679596942194421e-08,-8.16893083849422e-09,-3.048601060848368e-10,8.495947436096161e-10,-1.199844901243783e-09,3.4470947690920517e-06,4.38720171769269e-06,1.6855593504283561e-07,2.4460591466489136e-06,True,0.0,0.0,0.27505721875682326,0.05501144375136466,False,False,False,True,True,True
21,baseline,support_boundary,415,415,effective_support_boundary,,2.245732377891322,0.09600041623997149,0.3952979485707012,1.4848265269623937,0.0007131271747861587,1.4742777022972198e-191,0.0,690.7755278982137,626.4563393266786,0.012544832931056668,,,,,,,nan,nan,nan,nan,False,0.25,0.45,0.27505721875682326,0.05501144375136466,True,True,False,True,True,True
21,near_zero,support_boundary,430,430,effective_support_boundary,,1.993244641057554,0.09283104661338262,0.40290976857068134,1.4961718838451141,0.0058146181491743444,3.4925177200956885e-170,0.0,690.7755278982137,448.7695777662023,0.009814256945335583,,,,,,,nan,nan,nan,nan,False,0.0,0.45,0.27505721875682326,0.05501144375136466,True,True,False,True,True,True
21,far_zero,stable_bounded,20000,,,,0.22370233025693825,1.4122512589903795,3.0811558965259844,21.783567399205683,0.26623422569234706,0.05889473467315122,0.010576510638711052,4.549119714255568,0.0,0.0,0.0,0.0,0.0,0.0,0.0,0.0,0.0,0.0,0.0,0.0,True,0.25,0.0,0.27505721875682326,0.05501144375136466,False,False,False,True,True,True
21,far_cap,stable_bounded,20000,,,,0.3325811530049976,1.2611694812735827,3.0096024213197596,20.279335690743224,0.2957650711691989,0.05872621090589895,0.005979238335998815,5.119462087693732,0.0,0.0,0.0,0.0,0.0,0.0,0.0,0.0,0.0,0.0,0.0,0.0,True,0.25,0.03,0.27505721875682326,0.05501144375136466,False,False,False,True,True,True
21,global_scale,support_boundary,574,574,temperature_boundary,,0.7197981407221051,0.04951213235264599,0.6930983660893695,1.999902373441662,0.9550521676547918,4.803327288201001e-154,0.0,690.7755278982137,79.57531269065773,0.010606157070955151,,,,,,,nan,nan,nan,nan,False,0.1,0.18,0.27505721875682326,0.05501144375136466,False,True,False,True,True,True
22,positive_only,stable_bounded,20000,,,,0.010720741368901885,1.2000821781311737,2.9837497615034114,19.7617798472232,0.27511915413933713,0.07074463407879655,0.008715204822052246,4.742686098042809,3.9239756822338196e-09,6.487242055197633e-09,-1.367468459341705e-08,7.147859778314308e-09,-8.437980474224488e-09,-1.3483796901199184e-08,-5.354716719707112e-10,2.58558691497755e-09,1.1304071545663666e-05,0.00010995002547020682,1.5503847944409177e-05,9.784800419137156e-06,True,0.0,0.0,0.27511915413933713,0.05502383082786743,False,False,False,True,True,True
22,baseline,support_boundary,415,415,effective_support_boundary,,2.244037246428406,0.09607900359929601,0.4020850007412453,1.4949383981475952,0.0007272316380930599,5.110486284001061e-191,0.0,690.7755278982137,618.4590007774318,0.012534649176779005,,,,,,,nan,nan,nan,nan,False,0.25,0.45,0.27511915413933713,0.05502383082786743,True,True,False,True,True,True
22,near_zero,support_boundary,433,433,effective_support_boundary,,1.9891072965436891,0.09052825437794215,0.3945034635874002,1.483647323075832,0.005859366963537166,2.480279825050189e-178,0.0,690.7755278982137,463.4835476795427,0.009661398577532055,,,,,,,nan,nan,nan,nan,False,0.0,0.45,0.27511915413933713,0.05502383082786743,True,True,False,True,True,True
22,far_zero,stable_bounded,20000,,,,0.2146025386138084,1.3991867637520852,3.07655262327345,21.683522130570964,0.26729818443698933,0.05938441944701591,0.0104189303100582,4.564130905310596,4.3852720579930727e-07,1.483966280464633e-06,1.3604333315471143e-09,6.456553309579359e-09,-2.0620300469728637e-09,-9.03117133372847e-09,3.519029302267091e-10,1.5748457536361682e-09,2.83286134161731e-07,3.9643322335969344e-07,6.908090083301843e-08,1.6526780213252528e-08,True,0.25,0.0,0.27511915413933713,0.05502383082786743,False,False,False,True,True,True
22,far_cap,stable_bounded,20000,,,,0.3232111225563723,1.2515250853626234,3.0050168380592104,20.18655599555089,0.296785454614619,0.05919982941652841,0.005885344107723011,5.135290067978806,3.753462615611276e-08,8.097149675945371e-08,-3.257844716973543e-09,8.539803379667887e-09,-2.0717285549619304e-09,-1.0689634078073833e-08,1.2980949512728416e-10,2.4604622807129112e-09,7.097097738495428e-06,8.882667327458904e-06,2.044681997270814e-06,1.0052984298921222e-08,True,0.25,0.03,0.27511915413933713,0.05502383082786743,False,False,False,True,True,True
22,global_scale,support_boundary,577,577,temperature_boundary,,0.7177120591123012,0.049724438015709894,0.687019849587197,1.9877828056747908,0.9564945491666391,2.9270650818840053e-152,0.0,690.7755278982137,74.968752908023,0.010623114800995882,,,,,,,nan,nan,nan,nan,False,0.1,0.18,0.27511915413933713,0.05502383082786743,False,True,False,True,True,True
23,positive_only,stable_bounded,20000,,,,-0.026318276869864248,1.189177553341515,2.977076363456283,19.630340684902453,0.2719680769744626,0.0722920229825453,0.009010719407549007,4.709340365094429,8.884928040047712e-08,1.3707364460000583e-07,7.57415101348377e-09,-4.720943662789118e-09,3.534019051260177e-09,-1.61290985267546e-09,5.194806990895143e-10,-3.963758174047918e-10,4.728877731410841e-08,2.816176989384189e-07,2.8223351822287412e-08,4.2450825182711586e-07,True,0.0,0.0,0.2719680769744626,0.05439361539489253,False,False,False,True,True,True
23,baseline,support_boundary,416,416,effective_support_boundary,,2.24529552496545,0.09593546014271837,0.39586077533957154,1.4856624623002226,0.0007156685121243875,9.31710215770362e-192,0.0,690.7755278982137,610.1343991790263,0.012510036690295611,,,,,,,nan,nan,nan,nan,False,0.25,0.45,0.2719680769744626,0.05439361539489253,True,True,False,True,True,True
23,near_zero,support_boundary,443,443,effective_support_boundary,,1.9757933514866044,0.08327899290847202,0.3906629597833436,1.4779602973996018,0.006072643440809074,2.1709013496841484e-208,0.0,690.7755278982137,538.4206212068351,0.009377748712790639,,,,,,,nan,nan,nan,nan,False,0.0,0.45,0.2719680769744626,0.05439361539489253,True,True,False,True,True,True
23,far_zero,stable_bounded,20000,,,,0.15585761629033398,1.3928469560260528,3.075852592942216,21.668348319075374,0.2640538154320163,0.06090188949462442,0.011146389769885133,4.496639620960733,1.312636460431043e-05,3.4452481262869476e-05,4.046352794992675e-09,-1.0943040431912754e-08,-4.080828190671569e-09,1.5244605313820464e-08,7.865636794387017e-10,-2.6418901897243562e-09,1.4212914864253356e-05,1.9804132516343387e-05,3.4307190953652977e-06,2.538523760420786e-09,True,0.25,0.0,0.2719680769744626,0.05439361539489253,False,False,False,True,True,True
23,far_cap,stable_bounded,20000,,,,0.2667920761498256,1.2499357635034114,3.006711983705716,20.220804167683575,0.2928601357617658,0.061112205472980526,0.006473512001553976,5.040036504515954,8.744111340066076e-09,2.717154425283884e-08,-1.2385789962528398e-10,8.686745142673087e-09,-2.715550395730291e-10,-7.3998670007629276e-09,3.5647628367011903e-11,1.915057154445576e-09,7.774691723749783e-09,9.718126747770839e-09,2.2305621794060926e-09,2.6931736161279404e-09,True,0.25,0.03,0.2719680769744626,0.05439361539489253,False,False,False,True,True,True
23,global_scale,support_boundary,586,586,temperature_boundary,,0.7089439815900291,0.049547745760428114,0.5659821133997852,1.7611766087781053,0.9619760743564894,2.3740156165223587e-151,0.0,690.7755278982137,68.15334729944584,0.010677872684171775,,,,,,,nan,nan,nan,nan,False,0.1,0.18,0.2719680769744626,0.05439361539489253,False,True,False,True,True,True
24,positive_only,stable_bounded,20000,,,,0.010430186421784955,1.1980897420890781,2.9825500800678304,19.7380862220493,0.2753414634592456,0.07083218704446863,0.008668746015177902,4.748031133577904,9.867480796742041e-05,0.00018246761717513504,1.74435689822346e-08,-2.236281866705908e-09,-2.0701964155826615e-09,-6.8144823590005396e-09,2.3453986488083104e-09,6.127629929896897e-10,0.0002617771903807801,1.6143991458772433e-05,3.327034884259561e-05,1.8471924801116583e-05,True,0.0,0.0,0.2753414634592456,0.055068292691849124,False,False,False,True,True,True
24,baseline,support_boundary,415,415,effective_support_boundary,,2.243940230048578,0.09622367207601074,0.4043796519940238,1.4983726991703825,0.0007298034452080326,1.962052947162111e-190,0.0,690.7755278982137,621.6005351914832,0.012535292914245223,,,,,,,nan,nan,nan,nan,False,0.25,0.45,0.2753414634592456,0.055068292691849124,True,True,False,True,True,True
24,near_zero,support_boundary,432,432,effective_support_boundary,,1.9917150850699172,0.09138048817909702,0.39194968235549016,1.4798632462960994,0.005781228989027722,2.1582534898186704e-175,0.0,690.7755278982137,461.4944143072648,0.009719726237285023,,,,,,,nan,nan,nan,nan,False,0.0,0.45,0.2753414634592456,0.055068292691849124,True,True,False,True,True,True
24,far_zero,stable_bounded,20000,,,,0.2104412670581388,1.3988387150247996,3.07656089493708,21.683701490114142,0.26706796352126694,0.05949049377802536,0.010471171943727145,4.5591293268654836,0.0001519722233634032,0.00039310397019253,4.409903129583526e-10,-3.531884293524887e-09,-6.841529635641543e-10,4.939420367924264e-09,1.1603958617378589e-10,-8.608478204082611e-10,0.00016304958503923772,0.00022813772344321137,3.974465333445032e-05,1.007849838475974e-08,True,0.25,0.0,0.2753414634592456,0.055068292691849124,False,False,False,True,True,True
24,far_cap,stable_bounded,20000,,,,0.31971262929250677,1.2495833289706129,3.0041571788715844,20.169209894158755,0.29687536369594053,0.05935101973382269,0.005883417359836495,5.135617502247746,2.3162607599417255e-11,5.828952669495644e-11,1.0644123134706379e-09,8.619194626727863e-09,-4.806171981769283e-09,-1.0777639557843814e-08,9.121992554420824e-10,2.4868814606333783e-09,2.2098600727105122e-11,2.7612134800847343e-11,6.377287586900593e-12,1.9108570632723594e-08,True,0.25,0.03,0.2753414634592456,0.055068292691849124,False,False,False,True,True,True
24,global_scale,support_boundary,573,573,temperature_boundary,,0.7179894714853862,0.04974081444647494,0.6884152300358439,1.990558455031039,0.9563028873114618,3.179284762113323e-152,0.0,690.7755278982137,81.40708514516056,0.01059822248351807,,,,,,,nan,nan,nan,nan,False,0.1,0.18,0.2753414634592456,0.055068292691849124,False,True,False,True,True,True
25,positive_only,stable_bounded,20000,,,,0.00517810348179956,1.1739637140728456,2.967605169213462,19.44529559747061,0.2778336670922148,0.07196906386856912,0.008131444610336774,4.8120166823589,0.00012287932730196453,0.00034582931265200745,-1.6331980124423402e-09,4.563490376526231e-09,-7.430008412251513e-09,4.284903494913675e-09,7.662926885771538e-10,1.2869738884445401e-11,0.0005044334979119941,1.2239209677300522e-05,6.49532269999531e-05,4.507808739331075e-05,True,0.0,0.0,0.2778336670922148,0.05556673341844296,False,False,False,True,True,True
25,baseline,support_boundary,416,416,effective_support_boundary,,2.2504203932689757,0.09560465643212251,0.37514973663124196,1.4552092964431504,0.000674507985818746,8.895084834053719e-194,0.0,690.7755278982137,630.8989226308498,0.012540414222400204,,,,,,,nan,nan,nan,nan,False,0.25,0.45,0.2778336670922148,0.05556673341844296,True,True,False,True,True,True
25,near_zero,support_boundary,434,434,effective_support_boundary,,1.989598600233663,0.08998945650540799,0.38533236364503526,1.4701028489937165,0.005785346968455187,1.5650310528153235e-180,0.0,690.7755278982137,475.99727534941366,0.009632661984718289,,,,,,,nan,nan,nan,nan,False,0.0,0.45,0.2778336670922148,0.05556673341844296,True,True,False,True,True,True
25,far_zero,stable_bounded,20000,,,,0.20108229491151897,1.3612787517601224,3.061859675798935,21.36725640635218,0.2713096411483909,0.06055653096421324,0.009765904353029688,4.628858107264304,4.5056987736801625e-10,1.1493122448337038e-09,-7.817400126685639e-09,-2.7916540550838255e-10,1.1698903587090928e-09,3.80387515527787e-10,-7.128701745309711e-10,-7.063753172151056e-11,3.194623619312553e-05,4.348293447353768e-05,8.0681163195373e-06,1.9067042362568e-08,True,0.25,0.0,0.2778336670922148,0.05556673341844296,False,False,False,True,True,True
25,far_cap,stable_bounded,20000,,,,0.30978348269353684,1.215452572522249,2.9857692094573607,19.8017280561902,0.3022187745974469,0.06028992319903795,0.005307429776334989,5.23864759549936,0.0001247923934071379,0.0006544476337621858,-6.999081147423312e-09,7.151526315249112e-09,1.7640781763924148e-08,-8.69341909400283e-09,-3.753832026439053e-09,2.1355360361296033e-09,0.00010526923535442156,0.00012799551379227836,3.1437073647944125e-05,2.9446172829377323e-08,True,0.25,0.03,0.2778336670922148,0.05556673341844296,False,False,False,True,True,True
25,global_scale,support_boundary,568,568,temperature_boundary,,0.7167323198465482,0.04947777849129959,0.6804815421855079,1.9748284665185132,0.9571853781721226,1.518403881511138e-153,0.0,690.7755278982137,94.59407032096217,0.010571799118512588,,,,,,,nan,nan,nan,nan,False,0.1,0.18,0.2778336670922148,0.05556673341844296,False,True,False,True,True,True
26,positive_only,stable_bounded,20000,,,,0.003465513368575563,1.1970302264499961,2.981916722444551,19.72558891272245,0.2746440657674811,0.07108342675280378,0.008748454113899636,4.738878266918258,6.916411366309124e-06,9.353048070906698e-06,2.3246216227236303e-10,-3.532194453191232e-09,3.1159496331414942e-09,8.39189015643971e-09,-3.692468047532191e-10,-1.4942900760673633e-09,3.896481029825542e-06,2.5412270923119706e-06,1.4410350990257115e-07,3.575866524499863e-05,True,0.0,0.0,0.2746440657674811,0.05492881315349623,False,False,False,True,True,True
26,baseline,support_boundary,416,416,effective_support_boundary,,2.251259339522382,0.09540536028282104,0.3698969171249614,1.447585385708559,0.0006665273152393575,1.0660538685624798e-194,0.0,690.7755278982137,630.6144779479392,0.01254409671755943,,,,,,,nan,nan,nan,nan,False,0.25,0.45,0.2746440657674811,0.05492881315349623,True,True,False,True,True,True
26,near_zero,support_boundary,433,433,effective_support_boundary,,1.987608497842484,0.09068635522685335,0.40423793295175814,1.498160366272662,0.005962148304280753,1.6574185025869701e-177,0.0,690.7755278982137,465.1964295829887,0.009656333297101935,,,,,,,nan,nan,nan,nan,False,0.0,0.45,0.2746440657674811,0.05492881315349623,True,True,False,True,True,True
26,far_zero,stable_bounded,20000,,,,0.2026731267089943,1.396673973642565,3.0759871139948647,21.671263364163483,0.26682472310999816,0.05972150477328064,0.010535581851896854,4.552997002885975,0.0,0.0,0.0,0.0,0.0,0.0,0.0,0.0,0.0,0.0,0.0,0.0,True,0.25,0.0,0.2746440657674811,0.05492881315349623,False,False,False,True,True,True
26,far_cap,stable_bounded,20000,,,,0.3120278318083738,1.2487782011605035,3.0040982131516274,20.168020637239422,0.2964636332966835,0.05962478164121804,0.005948981246767821,5.124535293114868,0.0,0.0,0.0,0.0,0.0,0.0,0.0,0.0,0.0,0.0,0.0,0.0,True,0.25,0.03,0.2746440657674811,0.05492881315349623,False,False,False,True,True,True
26,global_scale,support_boundary,575,575,temperature_boundary,,0.716523104222063,0.04990716353151613,0.6793113899864094,1.972518968141401,0.9572876686667361,6.951235630497858e-151,0.0,690.7755278982137,78.0084357979305,0.010608752162382612,,,,,,,nan,nan,nan,nan,False,0.1,0.18,0.2746440657674811,0.05492881315349623,False,True,False,True,True,True
27,positive_only,stable_bounded,20000,,,,-0.0008373315818028628,1.1817203172371002,2.9724988552186717,19.54068798823433,0.2760770738718557,0.07183702468205004,0.00842079077537498,4.777051538822445,8.327912210424971e-05,0.00020181773306744366,-7.194192285514269e-09,-4.920511539406892e-09,1.2708543259648265e-08,-6.322414491777033e-10,-2.525437684516914e-09,-5.310185244136218e-10,0.00010197902931270383,4.07330584704102e-05,1.790396330397792e-05,3.5173259775162546e-05,True,0.0,0.0,0.2760770738718557,0.05521541477437114,False,False,False,True,True,True
27,baseline,support_boundary,416,416,effective_support_boundary,,2.250241752696169,0.09563596873674955,0.3761164756023202,1.4566167842081161,0.0006760984745789148,1.2581467599716605e-193,0.0,690.7755278982137,630.6708298594525,0.012539529341483217,,,,,,,nan,nan,nan,nan,False,0.25,0.45,0.2760770738718557,0.05521541477437114,True,True,False,True,True,True
27,near_zero,support_boundary,434,434,effective_support_boundary,,1.9871689592188744,0.09004727832843157,0.398870384750157,1.490140461161423,0.005933875025928954,5.824301626020201e-180,0.0,690.7755278982137,474.5689942534586,0.009619916056045827,,,,,,,nan,nan,nan,nan,False,0.0,0.45,0.2760770738718557,0.05521541477437114,True,True,False,True,True,True
27,far_zero,stable_bounded,20000,,,,0.19635261200614407,1.3725278284855524,3.066641564729656,21.469676939883183,0.269491966234224,0.060416830829699196,0.010086472967923012,4.596560062918939,1.493249097455953e-06,2.250508236548947e-06,-4.539816034512096e-09,-1.1363200100554456e-08,1.011479860737654e-08,1.5603630777710738e-08,-1.639003829120717e-09,-2.8330451580258596e-09,1.5463352359967875e-06,2.1225555384418726e-06,3.856552507897071e-07,1.092741851355963e-08,True,0.25,0.0,0.2760770738718557,0.05521541477437114,False,False,False,True,True,True
27,far_cap,stable_bounded,20000,,,,0.3055309336924342,1.2259556044991085,2.991917399517725,19.923847867027273,0.2999972796754356,0.0602550746911433,0.005559017207134987,5.1923339476504236,0.0,0.0,0.0,0.0,0.0,0.0,0.0,0.0,0.0,0.0,0.0,0.0,True,0.25,0.03,0.2760770738718557,0.05521541477437114,False,False,False,True,True,True
27,global_scale,support_boundary,570,570,temperature_boundary,,0.7158227330014776,0.049773549159545745,0.6730884977897396,1.9602823084419196,0.9577697329524968,1.5694563692945373e-151,0.0,690.7755278982137,88.77456444247962,0.010580453237096043,,,,,,,nan,nan,nan,nan,False,0.1,0.18,0.2760770738718557,0.05521541477437114,False,True,False,True,True,True
28,positive_only,stable_bounded,20000,,,,0.023647541622687448,1.2004942662170692,2.9839652556581373,19.76603885414632,0.2765896114314912,0.0703386678714588,0.008529493566010314,4.7642252901660065,2.4486716601236144e-05,4.027033187503177e-05,-3.1626661536143845e-09,3.522767960022519e-09,-2.7682503595680705e-09,1.916538494584817e-09,-6.413378949780288e-12,1.6014026950428657e-10,5.4138463098304945e-06,2.0378845398072443e-05,2.0507494288835026e-06,4.698939527991885e-07,True,0.0,0.0,0.2765896114314912,0.05531792228629824,False,False,False,True,True,True
28,baseline,support_boundary,415,415,effective_support_boundary,,2.2466883045513204,0.0959407796965674,0.3913527314268059,1.4789801041793762,0.0007051986451795147,6.344912283749991e-192,0.0,690.7755278982137,630.6538126490356,0.01255044066199656,,,,,,,nan,nan,nan,nan,False,0.25,0.45,0.2765896114314912,0.05531792228629824,True,True,False,True,True,True
28,near_zero,support_boundary,430,430,effective_support_boundary,,1.9955785135024864,0.09278155026322037,0.3917362819357877,1.479547476552134,0.005684664169760169,1.133740139055087e-170,0.0,690.7755278982137,450.43535826692323,0.009829748642364494,,,,,,,nan,nan,nan,nan,False,0.0,0.45,0.2765896114314912,0.05531792228629824,True,True,False,True,True,True
28,far_zero,stable_bounded,20000,,,,0.23462336506325554,1.395987175019633,3.074605617300206,21.641345256098823,0.26901156043581215,0.05897230277926768,0.010063832747952547,4.5988071980062895,2.4257553749708775e-07,6.557738013607433e-07,2.109699978244184e-09,3.558067679083666e-09,-2.9375664781890835e-09,-4.966046628363176e-09,5.176553711133153e-10,8.745470803507338e-10,2.5706898648669707e-07,3.589512336255041e-07,6.318246331682431e-08,8.734680051612868e-09,True,0.25,0.0,0.2765896114314912,0.05531792228629824,False,False,False,True,True,True
28,far_cap,stable_bounded,20000,,,,0.3425121327379908,1.2453120938503741,3.0007255278402623,20.100114827110158,0.29922015147852865,0.058641996209772444,0.005562290479353243,5.191745298832309,0.00012838032243292854,0.0002606478735242978,1.052823189354368e-09,1.1069193442447281e-08,2.3188997748041835e-09,-1.3782625890897422e-08,-3.4074137589700394e-10,3.2122702276472457e-09,0.00010851503424397224,0.00013512962975625875,3.148275429615266e-05,1.5223602315172565e-08,True,0.25,0.03,0.2765896114314912,0.05531792228629824,False,False,False,True,True,True
28,global_scale,support_boundary,569,569,temperature_boundary,,0.7210368707754878,0.04994393742225378,0.6919046421609713,1.9975164664644711,0.9541968074485669,1.0735235314005223e-151,0.0,690.7755278982137,84.78281660286908,0.010564905852288135,,,,,,,nan,nan,nan,nan,False,0.1,0.18,0.2765896114314912,0.05531792228629824,False,True,False,True,True,True
29,positive_only,stable_bounded,20000,,,,-0.002150723281859816,1.2068231187833922,2.9877796797172085,19.841578887573373,0.2727378721192925,0.07085667630485677,0.009087935357199565,4.700807530012842,3.115245950254785e-05,4.5409253746737216e-05,4.0561101519094475e-10,-9.743693547116774e-09,1.3317546027071993e-08,-1.0316883950099198e-08,-1.6161237667741652e-09,1.3486541285635931e-10,1.0030720968396377e-05,3.4625548879230195e-05,5.515150922841272e-06,3.115245950254785e-05,True,0.0,0.0,0.2727378721192925,0.054547574423858505,False,False,False,True,True,True
29,baseline,support_boundary,416,416,effective_support_boundary,,2.250399021283579,0.09540667980632161,0.37241937974042244,1.451241474962342,0.0006723730704649299,1.4148858760968528e-194,0.0,690.7755278982137,625.6089951862483,0.01253849912175747,,,,,,,nan,nan,nan,nan,False,0.25,0.45,0.2727378721192925,0.054547574423858505,True,True,False,True,True,True
29,near_zero,support_boundary,434,434,effective_support_boundary,,1.9857018241838504,0.08989888840924043,0.4050539872878155,1.4993834455173531,0.006011465594663017,2.3964001655348363e-180,0.0,690.7755278982137,469.6133211295176,0.00960825585359985,,,,,,,nan,nan,nan,nan,False,0.0,0.45,0.2727378721192925,0.054547574423858505,True,True,False,True,True,True
29,far_zero,stable_bounded,20000,,,,0.19327489170942191,1.4157825722876085,3.0834733096513243,21.8341074626982,0.2638273761230543,0.059517608169616674,0.011099020438244763,4.500898423364782,1.1584175484144729e-08,1.596462117215798e-08,5.152774038444775e-09,1.1257344096090673e-08,-7.2859660457340184e-09,-1.5941607974217987e-08,1.2279493407289794e-09,2.6849444473490423e-09,1.1755438122929007e-08,1.6642806910383e-08,2.802720167061068e-09,7.4491809678862215e-09,True,0.25,0.0,0.2727378721192925,0.054547574423858505,False,False,False,True,True,True
29,far_cap,stable_bounded,20000,,,,0.3034746669561427,1.267692076714142,3.0143923318449652,20.37670490295598,0.29263150263118615,0.05956872842287009,0.0064286311064981165,5.046993655077179,5.019748624418446e-06,1.1107587431930585e-05,7.555331161599214e-09,-5.422401521429453e-09,-1.763455486232648e-08,6.874510008635627e-09,3.4846247980480434e-09,-1.5345264332666809e-09,4.539467767683547e-06,5.755910412075238e-06,1.2848713520918764e-06,9.660193432523399e-09,True,0.25,0.03,0.2727378721192925,0.054547574423858505,False,False,False,True,True,True
29,global_scale,support_boundary,582,582,temperature_boundary,,0.7150818628909847,0.04998413239301556,0.6660066800293085,1.9464489867204422,0.9582323813007139,4.2458391730046887e-150,0.0,690.7755278982137,67.98093953461039,0.010648510564130713,,,,,,,nan,nan,nan,nan,False,0.1,0.18,0.2727378721192925,0.054547574423858505,False,True,False,True,True,True
